SeasonID,WeekID,Week,HomeTeamID,HomeTeam,AwayTeamID,AwayTeam,IsConference,IsDivisional,IsRivalry,IsNeutral,StadiumID,Stadium,City,State,TimeSlot
7,2701,1,130,WYOM,119,UTST,FALSE,FALSE,TRUE,FALSE,130,Jonah Field at War Memorial Stadium,Laramie,Wyoming,Friday Night
7,2701,1,43,IAST,110,UCF,TRUE,FALSE,FALSE,FALSE,43,Jack Trice Stadium,Ames,Iowa,Saturday Afternoon
7,2701,1,44,KANS,64,MIZZ,FALSE,FALSE,TRUE,FALSE,44,David Booth Kansas Memorial Stadium,Lawrence,Kansas,Saturday Afternoon
7,2701,1,143,NDSU,144,SDST,FALSE,FALSE,TRUE,FALSE,143,Fargodome,Fargo,ND,Saturday Afternoon
7,2701,1,185,PV,192,TXSO,TRUE,TRUE,TRUE,FALSE,185,Blackshear Field,Prairie View,TX,Saturday Afternoon
7,2701,1,195,CHSO,176,CIT,FALSE,FALSE,TRUE,FALSE,220,Buccaneer Field,Bules Creek,NC,Saturday Afternoon
7,2701,1,25,CSU,24,COLO,FALSE,FALSE,TRUE,FALSE,25,Sonny Lubick Field at Canvas Stadium,Fort Collins,Colorado,Saturday Evening
7,2701,1,267,UOG,177,WOF,FALSE,FALSE,FALSE,FALSE,292,National Football Stadium,Mangilao,GM,Saturday Evening
7,2701,1,268,American Samoa,87,Rice,FALSE,FALSE,FALSE,FALSE,293,Veterans Memorial Stadium,Pago Pago,AS,Saturday Evening
7,2701,1,75,ND,65,NAVY,FALSE,FALSE,TRUE,FALSE,75,Notre Dame Stadium,South Bend,Indiana,Saturday Morning
7,2701,1,214,RICH,182,VMI,FALSE,FALSE,TRUE,FALSE,239,E. Claiborne Robins Stadium,Richmond,VA,Saturday Morning
7,2701,1,220,SHU,227,CCSU,FALSE,FALSE,FALSE,FALSE,245,Campus Field,Fairfield,CT,Saturday Morning
7,2701,1,125,Washington State,108,Tulsa,FALSE,FALSE,FALSE,TRUE,6,"Sun Devil Stadium, Frank Kush Field",Tempe,Arizona,Saturday Night
7,2701,1,243,St. Thomas,129,Wisconsin,FALSE,FALSE,FALSE,FALSE,268,O'Shaughnessy Stadium,Saint Paul,MN,Saturday Night
7,2701,1,3,Alabama,94,South Florida,FALSE,FALSE,FALSE,FALSE,0,Bryant-Denny Stadium,Tuscaloosa,Alabama,Thursday Night
7,2701,1,4,Appalachian State,180,Western Carolina,FALSE,FALSE,FALSE,FALSE,0,Kidd Brewer Stadium,Boone,North Carolina,Thursday Night
7,2701,1,5,Arizona,69,New Mexico,FALSE,FALSE,FALSE,FALSE,0,Arizona Stadium,Tucson,Arizona,Thursday Night
7,2701,1,8,ARST,79,OKST,FALSE,FALSE,FALSE,FALSE,0,Centennial Bank Stadium,Jonesboro,Arkansas,Thursday Night
7,2701,1,11,Ball State,26,Duke,FALSE,FALSE,FALSE,FALSE,0,Scheumann Stadium,Muncie,Indiana,Thursday Night
7,2701,1,14,Boston College,23,Coastal Carolina,FALSE,FALSE,FALSE,FALSE,0,Alumni Stadium,Chestnut Hill,Massachusetts,Thursday Night
7,2701,1,15,BGSU,30,FLA,FALSE,FALSE,FALSE,FALSE,0,Doyt L. Perry Stadium,Bowling Green,Ohio,Thursday Night
7,2701,1,17,BYU,34,Georgia,FALSE,FALSE,FALSE,FALSE,0,LaVell Edwards Stadium,Provo,Utah,Thursday Night
7,2701,1,19,Central Michigan,60,Michigan State,FALSE,FALSE,FALSE,FALSE,0,Kelly/Shorts Stadium,Mount Pleasant,Michigan,Thursday Night
7,2701,1,21,Cincinnati,122,Virginia Tech,FALSE,FALSE,FALSE,FALSE,0,Nippert Stadium,Cincinnati,Ohio,Thursday Night
7,2701,1,31,Florida Atlantic,163,Portland State,FALSE,FALSE,FALSE,FALSE,0,FAU Stadium,Boca Raton,Florida,Thursday Night
7,2701,1,36,Georgia State,264,West Georgia,FALSE,FALSE,FALSE,FALSE,0,Georgia State Stadium,Atlanta,Georgia,Thursday Night
7,2701,1,37,Georgia Tech,77,Ohio State,FALSE,FALSE,FALSE,FALSE,0,Bobby Dodd Stadium at Historic Grant Field,Atlanta,Georgia,Thursday Night
7,2701,1,40,Illinois,7,Arkansas,FALSE,FALSE,FALSE,FALSE,0,Memorial Stadium,Urbana Champaign,Illinois,Thursday Night
7,2701,1,42,Iowa,255,Abilene Christian,FALSE,FALSE,FALSE,FALSE,0,Kinnick Stadium,Iowa City,Iowa,Thursday Night
7,2701,1,54,Marshall,13,Boise State,FALSE,FALSE,FALSE,FALSE,0,Joan C. Edwards Stadium,Huntington,West Virginia,Thursday Night
7,2701,1,62,MINN,154,UCD,FALSE,FALSE,FALSE,FALSE,0,TCF Bank Stadium,Minneapolis,Minnesota,Thursday Night
7,2701,1,66,NCST,237,DAY,FALSE,FALSE,FALSE,FALSE,0,Wayne Day Family Field at Carter-Finley Stadium,Raleigh,North Carolina,Thursday Night
7,2701,1,72,North Texas,91,SMU,FALSE,FALSE,FALSE,FALSE,0,Apogee Stadium,Denton,Texas,Thursday Night
7,2701,1,83,ORST,104,TTU,FALSE,FALSE,FALSE,FALSE,0,Reser Stadium,Corvallis,Oregon,Thursday Night
7,2701,1,86,PURD,39,UHOU,FALSE,FALSE,FALSE,FALSE,0,Ross-Ade Stadium,West Lafayette,Indiana,Thursday Night
7,2701,1,93,South Carolina,71,North Carolina,FALSE,FALSE,FALSE,FALSE,0,Williams-Brice Stadium,Columbia,South Carolina,Thursday Night
7,2701,1,95,Southern Miss,6,Arizona State,FALSE,FALSE,FALSE,FALSE,0,Carlisle-Faulkner Field at M.M. Roberts Stadium,Hattiesburg,Mississippi,Thursday Night
7,2701,1,96,Stanford,199,Southeast Missouri State,FALSE,FALSE,FALSE,FALSE,0,Stanford Stadium,Stanford,California,Thursday Night
7,2701,1,102,Texas A&M,253,East Texas A&M,FALSE,FALSE,FALSE,FALSE,0,Kyle Field,College Station,Texas,Thursday Night
7,2701,1,106,TROY,132,JST,FALSE,FALSE,TRUE,FALSE,106,Veterans Memorial Stadium at Larry Blakeney Field,Troy,Alabama,Thursday Night
7,2701,1,107,Tulane,118,Utah,FALSE,FALSE,FALSE,FALSE,0,Barry B. Benson Field at Yulman Stadium,New Orleans,Louisiana,Thursday Night
7,2701,1,111,UCLA,18,CAL,FALSE,FALSE,FALSE,FALSE,0,Rose Bowl Stadium,Los Angeles,California,Thursday Night
7,2701,1,114,UNLV,59,Michigan,FALSE,FALSE,FALSE,FALSE,0,Allegient Stadium,Las Vegas,Nevada,Thursday Night
7,2701,1,126,West Virginia,128,Western Michigan,FALSE,FALSE,FALSE,FALSE,0,Mountaineer Field at Milan Puskar Stadium,Morgantown,West Virginia,Thursday Night
7,2701,1,131,JMU,74,NW,FALSE,FALSE,FALSE,FALSE,0,Bridgeforth Stadium,Harrisonburg,Virginia,Thursday Night
7,2701,1,190,FAMU,194,JXST,TRUE,TRUE,TRUE,FALSE,190,Bragg Memorial Stadium,Tallahassee,FL,Thursday Night
7,2701,1,206,DEL,221,DSU,FALSE,FALSE,TRUE,FALSE,231,Delaware Stadium,Newark,DE,Thursday Night
7,2701,1,228,DUQ,85,PITT,FALSE,FALSE,FALSE,TRUE,2901,Heinz Field,Pittsburgh,PA,Thursday Night
7,2702,2,42,IOWA,43,IAST,FALSE,FALSE,TRUE,FALSE,42,Kinnick Stadium,Iowa City,Iowa,Friday Night
7,2702,2,21,CINC,110,UCF,TRUE,FALSE,TRUE,FALSE,21,Nippert Stadium,Cincinnati,Ohio,Saturday Afternoon
7,2702,2,30,FLA,63,MSST,TRUE,FALSE,FALSE,FALSE,30,Steve Spurrier-Florida Field at Ben Hill Griffin Stadium,Gainesville,Florida,Saturday Afternoon
7,2702,2,228,Duquesne,122,Virginia Tech,FALSE,FALSE,FALSE,FALSE,253,Arthur J. Rooney Athletic Field,Pittsburgh,PA,Saturday Afternoon
7,2702,2,24,COLO,12,BAYL,TRUE,FALSE,FALSE,FALSE,24,Folsom Field,Boulder,Colorado,Saturday Evening
7,2702,2,33,FRES,90,SJSU,FALSE,FALSE,TRUE,FALSE,33,Bulldog Stadium at Jim Sweeney Field,Fresno,California,Saturday Evening
7,2702,2,77,OHST,84,PNST,TRUE,FALSE,TRUE,FALSE,77,Ohio Stadium,Columbus,Ohio,Saturday Evening
7,2702,2,160,MTST,267,UOG,FALSE,FALSE,FALSE,FALSE,160,Bobcat Stadium,Bozeman,MT,Saturday Evening
7,2702,2,56,MEMP,95,USM,FALSE,FALSE,TRUE,FALSE,56,Liberty Bowl Memorial Stadium,Memphis,Tennessee,Saturday Morning
7,2702,2,112,CONN,48,LU,FALSE,FALSE,FALSE,FALSE,112,Pratt & Whitney Stadium at Rentschler Field,Storrs,Connecticut,Saturday Morning
7,2702,2,220,SHU,266,NHU,FALSE,FALSE,FALSE,FALSE,245,Campus Field,Fairfield,CT,Saturday Morning
7,2702,2,232,SFPA,181,MER,FALSE,FALSE,FALSE,FALSE,257,DeGol Field,Loretto,PA,Saturday Morning
7,2702,2,7,ARK,91,SMU,FALSE,FALSE,FALSE,FALSE,0,"Donald W. Reynolds Razorback Stadium, Frank Broyles Field",Fayetteville,Arkansas,Thursday Night
7,2702,2,13,Boise State,128,Western Michigan,FALSE,FALSE,FALSE,FALSE,0,Albertsons Stadium,Boise,Idaho,Thursday Night
7,2702,2,14,Boston College,36,Georgia State,FALSE,FALSE,FALSE,FALSE,0,Alumni Stadium,Chestnut Hill,Massachusetts,Thursday Night
7,2702,2,18,CAL,108,TULS,FALSE,FALSE,FALSE,FALSE,0,California Memorial Stadium,Berkeley,California,Thursday Night
7,2702,2,26,Duke,40,Illinois,FALSE,FALSE,FALSE,FALSE,0,Brooks Field at Wallace Wade Stadium,Durham,North Carolina,Thursday Night
7,2702,2,27,ECU,35,GASO,FALSE,FALSE,FALSE,FALSE,27,Bagwell Field at Dowdy-Ficklen Stadium,Greenville,North Carolina,Thursday Night
7,2702,2,38,Hawaii,87,Rice,FALSE,FALSE,FALSE,FALSE,0,Aloha Stadium,Honolulu,Hawai'i,Thursday Night
7,2702,2,39,UHOU,109,UAB,FALSE,FALSE,FALSE,FALSE,0,John O'Quinn Field at TDECU Stadium,Houston,Texas,Thursday Night
7,2702,2,41,IND,102,TAMU,FALSE,FALSE,FALSE,FALSE,0,Memorial Stadium,Bloomington,Indiana,Thursday Night
7,2702,2,44,Kansas,74,Northwestern,FALSE,FALSE,FALSE,FALSE,0,David Booth Kansas Memorial Stadium,Lawrence,Kansas,Thursday Night
7,2702,2,54,Marshall,126,West Virginia,FALSE,FALSE,FALSE,FALSE,0,Joan C. Edwards Stadium,Huntington,West Virginia,Thursday Night
7,2702,2,55,Maryland,4,Appalachian State,FALSE,FALSE,FALSE,FALSE,0,Capital One Field at Maryland Stadium,College Park,Maryland,Thursday Night
7,2702,2,59,Michigan,100,Tennessee,FALSE,FALSE,FALSE,FALSE,0,Michigan Stadium,Ann Arbor,Michigan,Thursday Night
7,2702,2,60,Michigan State,23,Coastal Carolina,FALSE,FALSE,FALSE,FALSE,0,Spartan Stadium,East Lansing,Michigan,Thursday Night
7,2702,2,64,MIZZ,50,ULM,FALSE,FALSE,FALSE,FALSE,0,Faurot Field at Memorial Stadium,Columbia,Missouri,Thursday Night
7,2702,2,65,NAVY,57,MIAF,FALSE,FALSE,FALSE,FALSE,0,Navy-Marine Corps Memorial Stadium,Annapolis,Maryland,Thursday Night
7,2702,2,66,NCST,86,PURD,FALSE,FALSE,FALSE,FALSE,0,Wayne Day Family Field at Carter-Finley Stadium,Raleigh,North Carolina,Thursday Night
7,2702,2,75,Notre Dame,71,North Carolina,FALSE,FALSE,FALSE,FALSE,0,Notre Dame Stadium,South Bend,Indiana,Thursday Night
7,2702,2,79,Oklahoma State,67,Nebraska,FALSE,FALSE,FALSE,FALSE,0,Boone Pickens Stadium,Stillwater,Oklahoma,Thursday Night
7,2702,2,81,MISS,58,MIAO,FALSE,FALSE,FALSE,FALSE,0,Vaught-Hemingway Stadium at Hollingsworth Field,Oxford,Mississippi,Thursday Night
7,2702,2,94,South Florida,125,Washington State,FALSE,FALSE,FALSE,FALSE,0,Raymond James Stadium,Tampa,Florida,Thursday Night
7,2702,2,103,Texas State,17,BYU,FALSE,FALSE,FALSE,FALSE,0,Jim Wacker Field at Bobcat Stadium,San Marcos,Texas,Thursday Night
7,2702,2,104,Texas Tech,72,North Texas,FALSE,FALSE,FALSE,FALSE,0,Jones AT&T Stadium,Lubbock,Texas,Thursday Night
7,2702,2,111,UCLA,15,Bowling Green,FALSE,FALSE,FALSE,FALSE,0,Rose Bowl Stadium,Los Angeles,California,Thursday Night
7,2702,2,118,Utah,62,Minnesota,FALSE,FALSE,FALSE,FALSE,0,Rice-Eccles Stadium,Salt Lake City,Utah,Thursday Night
7,2702,2,119,UTST,263,UTU,FALSE,FALSE,FALSE,FALSE,0,Merlin Olsen Field at Maverik Stadium,Logan,Utah,Thursday Night
7,2702,2,132,Jacksonville State,31,Florida Atlantic,FALSE,FALSE,FALSE,FALSE,0,Burgess-Snow Field at JSU Stadium,Jacksonville,Alabama,Thursday Night
7,2703,3,82,OREG,133,SHSU,FALSE,FALSE,FALSE,FALSE,82,Autzen Stadium,Eugene,Oregon,Friday Night
7,2703,3,115,USC,245,VAL,FALSE,FALSE,FALSE,FALSE,115,Los Angeles Memorial Coliseum,Los Angeles,California,Friday Night
7,2703,3,137,ILST,196,EIU,FALSE,FALSE,TRUE,FALSE,137,Hancock Stadium,Normal,IL,Friday Night
7,2703,3,145,SDAK,157,IDHO,FALSE,FALSE,FALSE,FALSE,145,DakotaDome,Vermillion,SD,Friday Night
7,2703,3,155,CP,229,LIU,FALSE,FALSE,FALSE,FALSE,155,Alex G. Spanos Stadium,San Luis Obispo,CA,Friday Night
7,2703,3,183,GRAM,259,UNA,FALSE,FALSE,FALSE,FALSE,183,Eddie G. Robinson Memorial Stadium,Grambling,LA,Friday Night
7,2703,3,238,DRKE,140,UNI,FALSE,FALSE,TRUE,FALSE,263,Drake Stadium,Des Moines,IA,Friday Night
7,2703,3,248,LAM,265,CHST,FALSE,FALSE,FALSE,FALSE,273,Provost Umphrey Stadium,Beaumont,TX,Friday Night
7,2703,3,268,SAMO,203,ALB,FALSE,FALSE,FALSE,FALSE,293,Veterans Memorial Stadium,Pago Pago,AS,Friday Night
7,2703,3,9,ARMY,1,USAF,FALSE,FALSE,TRUE,FALSE,9,Blaik Field at Michie Stadium,West Point,New York,Saturday Afternoon
7,2703,3,24,COLO,67,NEB,FALSE,FALSE,TRUE,FALSE,24,Folsom Field,Boulder,Colorado,Saturday Afternoon
7,2703,3,26,DUKE,123,WAKE,TRUE,FALSE,TRUE,FALSE,26,Brooks Field at Wallace Wade Stadium,Durham,North Carolina,Saturday Afternoon
7,2703,3,29,FIU,97,CUSE,FALSE,FALSE,FALSE,FALSE,29,Riccardo Silva Stadium,Miami,Florida,Saturday Afternoon
7,2703,3,32,FSU,16,BUFF,FALSE,FALSE,FALSE,FALSE,32,Bobby Bowden Field at Doak S. Campbell Stadium,Tallahassee,Florida,Saturday Afternoon
7,2703,3,45,KSST,126,WVU,TRUE,FALSE,FALSE,FALSE,45,Bill Snyder Family Football Stadium,Manhattan,Kansas,Saturday Afternoon
7,2703,3,76,OHIO,206,DEL,FALSE,FALSE,FALSE,FALSE,76,Peden Stadium,Athens,Ohio,Saturday Afternoon
7,2703,3,91,SMU,98,TCU,FALSE,FALSE,TRUE,FALSE,91,Gerald J. Ford Stadium,University Park,Texas,Saturday Afternoon
7,2703,3,101,TEX,30,FLA,TRUE,FALSE,FALSE,FALSE,101,Darrell K Royal-Texas Memorial Stadium,Austin,Texas,Saturday Afternoon
7,2703,3,110,UCF,39,UHOU,TRUE,FALSE,FALSE,FALSE,110,Bounce House,Orlando,Florida,Saturday Afternoon
7,2703,3,113,MASS,51,LT,FALSE,FALSE,FALSE,FALSE,113,Warren McGuirk Alumni Stadium,Amherst,Massachusetts,Saturday Afternoon
7,2703,3,146,WIU,167,COLU,FALSE,FALSE,FALSE,FALSE,146,Hanson Field,Macomb,IL,Saturday Afternoon
7,2703,3,169,DART,156,EWU,FALSE,FALSE,FALSE,FALSE,169,Memorial Field,Hanover,NH,Saturday Afternoon
7,2703,3,172,PRIN,215,STBK,FALSE,FALSE,FALSE,FALSE,172,Princeton Stadium,Princeton,NJ,Saturday Afternoon
7,2703,3,173,YALE,151,LEH,FALSE,FALSE,TRUE,FALSE,173,Yale Bowl,New Haven,CT,Saturday Afternoon
7,2703,3,187,SOU,232,SFPA,FALSE,FALSE,FALSE,FALSE,187,A.W. Mumford Stadium,Baton Rouge,LA,Saturday Afternoon
7,2703,3,188,AAMU,170,PENN,FALSE,FALSE,FALSE,FALSE,188,Louis Crews Stadium,Huntsville,AL,Saturday Afternoon
7,2703,3,201,TNTC,179,ETSU,TRUE,FALSE,FALSE,FALSE,226,Tucker Stadium,Cookeville,TN,Saturday Afternoon
7,2703,3,216,TOW,242,USD,FALSE,FALSE,FALSE,FALSE,241,Johnny Unitas Stadiumn,Towson,MD,Saturday Afternoon
7,2703,3,236,DAV,219,MRMK,FALSE,FALSE,FALSE,FALSE,261,Richardson Stadium,Davidson,NC,Saturday Afternoon
7,2703,3,244,STET,205,CAMP,FALSE,FALSE,FALSE,FALSE,269,Spec Martin Memorial Stadium,DeLand,FL,Saturday Afternoon
7,2703,3,251,NWST,162,UNCO,FALSE,FALSE,FALSE,FALSE,276,Harry Turpin Stadium,Natchitotches,LA,Saturday Afternoon
7,2703,3,262,TAR,158,IDST,FALSE,FALSE,FALSE,FALSE,287,Memorial Stadium,Stephenville,TX,Saturday Afternoon
7,2703,3,22,CLEM,88,RUTG,FALSE,FALSE,FALSE,FALSE,22,Frank Howard Field at Clemson Memorial Stadium,Clemson,South Carolina,Saturday Evening
7,2703,3,120,VAND,81,MISS,TRUE,FALSE,FALSE,FALSE,120,Vanderbilt Stadium,Nashville,Tennessee,Saturday Evening
7,2703,3,142,UND,152,FOR,FALSE,FALSE,FALSE,FALSE,142,Alerus Center,Grand Forks,ND,Saturday Evening
7,2703,3,160,MTST,256,APSU,FALSE,FALSE,FALSE,FALSE,160,Bobcat Stadium,Bozeman,MT,Saturday Evening
7,2703,3,164,SSU,68,NEV,FALSE,FALSE,FALSE,FALSE,164,Hornet Stadium,Sacramento,CA,Saturday Evening
7,2703,3,247,UIW,150,LAF,FALSE,FALSE,FALSE,FALSE,272,Gayle and Tom Benson Stadium,San Antonio,TX,Saturday Evening
7,2703,3,250,NICH,235,BUT,FALSE,FALSE,FALSE,FALSE,275,Manning Field at John L. Guidry Stadium,Thibodaux,LA,Saturday Evening
7,2703,3,257,CARK,249,MCN,FALSE,FALSE,TRUE,FALSE,282,Estes Stadium,Conway,AR,Saturday Evening
7,2703,3,10,AUB,117,UTSA,FALSE,FALSE,FALSE,FALSE,10,Pat Dye Field at Jordan-Hare Stadium,Auburn,Alabama,Saturday Morning
7,2703,3,28,EMU,99,TEMP,FALSE,FALSE,FALSE,FALSE,28,Rynearson Stadium,Ypsilanti,Michigan,Saturday Morning
7,2703,3,105,TLDO,78,OKLA,FALSE,FALSE,FALSE,FALSE,105,Glass Bowl,Toledo,Ohio,Saturday Morning
7,2703,3,112,CONN,53,LSU,FALSE,FALSE,FALSE,FALSE,112,Pratt & Whitney Stadium at Rentschler Field,Storrs,Connecticut,Saturday Morning
7,2703,3,149,HC,89,SDSU,FALSE,FALSE,FALSE,FALSE,149,Fitton Field,Worcester,MA,Saturday Morning
7,2703,3,166,BRWN,213,URI,FALSE,FALSE,TRUE,FALSE,166,Brown Stadium,Providence,RI,Saturday Morning
7,2703,3,171,HARV,204,BRY,FALSE,FALSE,FALSE,FALSE,171,Harvard Stadium,Cambridge,MA,Saturday Morning
7,2703,3,174,FUR,197,WEBB,FALSE,FALSE,FALSE,FALSE,174,Paladin Stadium,Greenville,SC,Saturday Morning
7,2703,3,209,ME,189,UAPB,FALSE,FALSE,FALSE,FALSE,234,Harold Alfond Sports Stadium,Orono,ME,Saturday Morning
7,2703,3,212,NCAT,225,NCCU,FALSE,FALSE,TRUE,FALSE,237,Truist Stadium,Greensboro,NC,Saturday Morning
7,2703,3,223,MORG,161,NAU,FALSE,FALSE,FALSE,FALSE,248,Hughes Stadium,Baltimore,MD,Saturday Morning
7,2703,3,25,CSU,130,WYOM,FALSE,FALSE,TRUE,FALSE,25,Sonny Lubick Field at Canvas Stadium,Fort Collins,Colorado,Saturday Night
7,2703,3,116,UTEP,70,NMSU,FALSE,FALSE,TRUE,FALSE,116,Sun Bowl Stadium,El Paso,Texas,Saturday Night
7,2703,3,124,WASH,134,KNSW,FALSE,FALSE,FALSE,FALSE,124,Alaska Airlines Field at Husky Stadium,Seattle,Washington,Saturday Night
7,2703,3,141,SIU,193,MSVU,FALSE,FALSE,FALSE,FALSE,141,Saluki Stadium,Carbondale,IL,Saturday Night
7,2703,3,159,MONT,224,NORF,FALSE,FALSE,FALSE,FALSE,159,Washington-Grizzly Stadium,Missoula,MT,Saturday Night
7,2703,3,263,UTU,165,WEB,TRUE,FALSE,FALSE,FALSE,288,Greater Zion STadium,St. George,UT,Saturday Night
7,2703,3,4,Appalachian State,13,Boise State,FALSE,FALSE,FALSE,FALSE,0,Kidd Brewer Stadium,Boone,North Carolina,Thursday Night
7,2703,3,11,Ball State,56,Memphis,FALSE,FALSE,FALSE,FALSE,0,Scheumann Stadium,Muncie,Indiana,Thursday Night
7,2703,3,17,BYU,69,New Mexico,FALSE,FALSE,FALSE,FALSE,0,LaVell Edwards Stadium,Provo,Utah,Thursday Night
7,2703,3,20,Charlotte,122,Virginia Tech,FALSE,FALSE,FALSE,FALSE,0,McColl-Richardson Field at Jerry Richardson Stadium,Charlotte,North Carolina,Thursday Night
7,2703,3,23,Coastal Carolina,77,Ohio State,FALSE,FALSE,FALSE,FALSE,0,Brooks Stadium,Conway,South Carolina,Thursday Night
7,2703,3,27,ECU,49,ULL,FALSE,FALSE,FALSE,FALSE,27,Bagwell Field at Dowdy-Ficklen Stadium,Greenville,North Carolina,Thursday Night
7,2703,3,34,Georgia,65,Navy,FALSE,FALSE,FALSE,FALSE,0,Sanford Stadium,Athens,Georgia,Thursday Night
7,2703,3,35,GASO,73,NIU,FALSE,FALSE,FALSE,FALSE,35,Allen E. Paulson Stadium,Statesboro,Georgia,Thursday Night
7,2703,3,36,Georgia State,72,North Texas,FALSE,FALSE,FALSE,FALSE,0,Georgia State Stadium,Atlanta,Georgia,Thursday Night
7,2703,3,38,Hawaii,96,Stanford,FALSE,FALSE,FALSE,FALSE,0,Aloha Stadium,Honolulu,Hawai'i,Thursday Night
7,2703,3,44,Kansas,138,Missouri State,FALSE,FALSE,FALSE,FALSE,0,David Booth Kansas Memorial Stadium,Lawrence,Kansas,Thursday Night
7,2703,3,46,KENT,92,USA,FALSE,FALSE,FALSE,FALSE,46,Dix Stadium,Kent,Ohio,Thursday Night
7,2703,3,52,LOU,104,TTU,FALSE,FALSE,FALSE,FALSE,0,Cardinal Stadium,Louisville,Kentucky,Thursday Night
7,2703,3,61,MTSU,121,UVA,FALSE,FALSE,FALSE,FALSE,61,Johnny Red Floyd Stadium,Murfreesboro,Tennessee,Thursday Night
7,2703,3,64,MIZZ,131,JMU,FALSE,FALSE,FALSE,FALSE,0,Faurot Field at Memorial Stadium,Columbia,Missouri,Thursday Night
7,2703,3,71,North Carolina,15,Bowling Green,FALSE,FALSE,FALSE,FALSE,0,Kenan Memorial Stadium,Chapel Hill,North Carolina,Thursday Night
7,2703,3,80,ODU,47,UKEN,FALSE,FALSE,FALSE,FALSE,80,Foreman Field at S. B. Ballard Stadium,Norfolk,Virginia,Thursday Night
7,2703,3,84,PNST,59,MICH,TRUE,FALSE,FALSE,FALSE,84,Beaver Stadium,University Park,Pennsylvania,Thursday Night
7,2703,3,85,Pittsburgh,75,Notre Dame,FALSE,FALSE,FALSE,FALSE,0,Heinz Field,Pittsburgh,Pennsylvania,Thursday Night
7,2703,3,87,Rice,54,Marshall,FALSE,FALSE,FALSE,FALSE,0,Rice Stadium,Houston,Texas,Thursday Night
7,2703,3,93,South Carolina,66,NC State,FALSE,FALSE,FALSE,FALSE,0,Williams-Brice Stadium,Columbia,South Carolina,Thursday Night
7,2703,3,94,USF,190,FAMU,FALSE,FALSE,FALSE,FALSE,0,Raymond James Stadium,Tampa,Florida,Thursday Night
7,2703,3,95,Southern Miss,55,Maryland,FALSE,FALSE,FALSE,TRUE,292,National Football Stadium,Mangilao,GM,Thursday Night
7,2703,3,106,TROY,127,WKU,FALSE,FALSE,FALSE,FALSE,0,Veterans Memorial Stadium at Larry Blakeney Field,Troy,Alabama,Thursday Night
7,2703,3,108,Tulsa,100,Tennessee,FALSE,FALSE,FALSE,FALSE,0,Skelly Field at H. A. Chapman Stadium,Tulsa,Oklahoma,Thursday Night
7,2703,3,111,UCLA,114,UNLV,FALSE,FALSE,FALSE,FALSE,0,Rose Bowl Stadium,Los Angeles,California,Thursday Night
7,2703,3,128,Western Michigan,37,Georgia Tech,FALSE,FALSE,FALSE,FALSE,0,Waldo Stadium,Kalamazoo,Michigan,Thursday Night
7,2703,3,129,Wisconsin,2,Akron,FALSE,FALSE,FALSE,FALSE,0,Camp Randall Stadium,Madison,Wisconsin,Thursday Night
7,2703,3,136,INST,252,SELA,FALSE,FALSE,FALSE,FALSE,136,Memorial Stadium,Terre Haute,IN,Thursday Night
7,2703,3,147,BUCK,261,SFA,FALSE,FALSE,FALSE,FALSE,147,Christy Mathewson-Memorial Stadium,Lewisburg,PA,Thursday Night
7,2703,3,148,COLG,168,COR,FALSE,FALSE,TRUE,FALSE,148,Andy Kerr Stadium,Hamilton,NY,Thursday Night
7,2703,3,153,GEOT,246,HCU,FALSE,FALSE,FALSE,FALSE,153,Cooper Field,Washington,DC,Thursday Night
7,2703,3,178,UTC,135,YSU,FALSE,FALSE,FALSE,FALSE,178,Finley Stadium,Chattanooga,TN,Thursday Night
7,2703,3,182,VMI,218,W&M,FALSE,FALSE,TRUE,FALSE,182,Foster Stadium,Lexington,VA,Thursday Night
7,2703,3,184,BCU,139,MUR,FALSE,FALSE,FALSE,FALSE,184,Daytona Stadium,Daytona Beach,FL,Thursday Night
7,2703,3,186,ALCN,50,ULM,FALSE,FALSE,FALSE,FALSE,0,Spinks-Casem Stadium,Lorman,MS,Thursday Night
7,2703,3,194,JXST,200,TNST,FALSE,FALSE,TRUE,FALSE,194,Mississippi Veterans Memorial Stadium,Jackson,MS,Thursday Night
7,2703,3,202,UTM,119,UTST,FALSE,FALSE,FALSE,FALSE,227,Graham Stadium,Martin,TN,Thursday Night
7,2703,3,208,HAMP,222,HOW,FALSE,FALSE,TRUE,FALSE,233,Armstrong Stadium,Hampton,VA,Thursday Night
7,2703,3,211,UNH,181,MER,FALSE,FALSE,FALSE,FALSE,236,Wildcat Stadium,Durham,NH,Thursday Night
7,2703,3,217,VILL,240,MORE,FALSE,FALSE,FALSE,FALSE,242,Villanova Stadium,Philadelphia,PA,Thursday Night
7,2703,3,226,SCST,191,ALST,FALSE,FALSE,FALSE,FALSE,251,Oliver C. Dawson Stadium,Orangeburg,SC,Thursday Night
7,2703,3,230,MRCY,210,MONM,FALSE,FALSE,FALSE,FALSE,255,Saxon Stadium,Erie,PA,Thursday Night
7,2703,3,231,RMU,254,RGV,FALSE,FALSE,FALSE,FALSE,256,Joe Walton Stadium,Moon Township,PA,Thursday Night
7,2703,3,233,STO,269,UWF,FALSE,FALSE,FALSE,FALSE,258,W.B. Mason Stadium,Easton,MA,Thursday Night
7,2703,3,234,WAG,241,PRE,FALSE,FALSE,FALSE,FALSE,259,Wagner College Stadium,Staten Island,NY,Thursday Night
7,2703,3,239,MRST,175,SAM,FALSE,FALSE,FALSE,FALSE,264,Leonidoff Field,Poughkeepsie,NY,Thursday Night
7,2703,3,258,EKU,198,LIN,FALSE,FALSE,FALSE,FALSE,283,Roy Kidd Stadium,Richmond,KY,Thursday Night
7,2703,3,260,SUU,270,MARQ,FALSE,FALSE,FALSE,FALSE,285,Eccles Coliseum,Cedar City,UT,Thursday Night
7,2703,3,267,UOG,207,ELON,FALSE,FALSE,FALSE,FALSE,292,National Football Stadium,Mangilao,GM,Thursday Night
7,2704,4,1,USAF,163,PRST,FALSE,FALSE,FALSE,FALSE,1,Falcon Stadium,Colorado Springs,Colorado,Friday Night
7,2704,4,8,ARST,50,ULM,TRUE,TRUE,TRUE,FALSE,8,Centennial Bank Stadium,Jonesboro,Arkansas,Friday Night
7,2704,4,38,HAWI,90,SJSU,TRUE,FALSE,TRUE,FALSE,38,Aloha Stadium,Honolulu,Hawai'i,Friday Night
7,2704,4,73,NIU,258,EKU,FALSE,FALSE,FALSE,FALSE,73,Brigham Field at Huskie Stadium,DeKalb,Illinois,Friday Night
7,2704,4,124,WASH,42,IOWA,TRUE,FALSE,FALSE,FALSE,124,Alaska Airlines Field at Husky Stadium,Seattle,Washington,Friday Night
7,2704,4,137,ILST,236,DAV,FALSE,FALSE,FALSE,FALSE,137,Hancock Stadium,Normal,IL,Friday Night
7,2704,4,141,SIU,254,RGV,FALSE,FALSE,FALSE,FALSE,141,Saluki Stadium,Carbondale,IL,Friday Night
7,2704,4,142,UND,171,HARV,FALSE,FALSE,FALSE,FALSE,142,Alerus Center,Grand Forks,ND,Friday Night
7,2704,4,157,IDHO,255,ACU,FALSE,FALSE,FALSE,FALSE,157,Kibbie Dome,Moscow,ID,Friday Night
7,2704,4,161,NAU,231,RMU,FALSE,FALSE,FALSE,FALSE,161,Walkup Skydome,Flagstaff,AZ,Friday Night
7,2704,4,199,SEMO,145,SDAK,FALSE,FALSE,FALSE,FALSE,224,Houck Stadium,Cape Girardeau,MO,Friday Night
7,2704,4,243,STMN,218,W&M,FALSE,FALSE,FALSE,FALSE,268,O'Shaughnessy Stadium,Saint Paul,MN,Friday Night
7,2704,4,262,TAR,217,VILL,FALSE,FALSE,FALSE,FALSE,287,Memorial Stadium,Stephenville,TX,Friday Night
7,2704,4,12,BAYL,110,UCF,TRUE,FALSE,FALSE,FALSE,12,McLane Stadium,Waco,Texas,Saturday Afternoon
7,2704,4,28,EMU,107,TLNE,FALSE,FALSE,FALSE,FALSE,28,Rynearson Stadium,Ypsilanti,Michigan,Saturday Afternoon
7,2704,4,29,FIU,257,CARK,FALSE,FALSE,FALSE,FALSE,29,Riccardo Silva Stadium,Miami,Florida,Saturday Afternoon
7,2704,4,43,IAST,39,UHOU,TRUE,FALSE,FALSE,FALSE,43,Jack Trice Stadium,Ames,Iowa,Saturday Afternoon
7,2704,4,47,UKEN,99,TEMP,FALSE,FALSE,FALSE,FALSE,47,Kroger Field at C.M. Newton Grounds,Lexington,Kentucky,Saturday Afternoon
7,2704,4,51,LT,103,TXST,FALSE,FALSE,FALSE,FALSE,51,JPS Field at Malone Stadium,Ruston,Louisiana,Saturday Afternoon
7,2704,4,66,NCST,122,VT,TRUE,FALSE,FALSE,FALSE,66,Wayne Day Family Field at Carter-Finley Stadium,Raleigh,North Carolina,Saturday Afternoon
7,2704,4,75,ND,115,USC,FALSE,FALSE,TRUE,FALSE,75,Notre Dame Stadium,South Bend,Indiana,Saturday Afternoon
7,2704,4,78,OKLA,195,CHSO,FALSE,FALSE,FALSE,FALSE,78,Gaylord Family - Oklahoma Memorial Stadium at Owen Field,Norman,Oklahoma,Saturday Afternoon
7,2704,4,98,TCU,21,CINC,TRUE,FALSE,FALSE,FALSE,98,Amon G. Carter Stadium,Fort Worth,Texas,Saturday Afternoon
7,2704,4,102,TAMU,100,TENN,TRUE,FALSE,FALSE,FALSE,102,Kyle Field,College Station,Texas,Saturday Afternoon
7,2704,4,104,TTU,24,COLO,TRUE,FALSE,FALSE,FALSE,104,Jones AT&T Stadium,Lubbock,Texas,Saturday Afternoon
7,2704,4,120,VAND,123,WAKE,FALSE,FALSE,FALSE,FALSE,120,Vanderbilt Stadium,Nashville,Tennessee,Saturday Afternoon
7,2704,4,133,SHSU,138,MOST,TRUE,FALSE,FALSE,FALSE,133,Bowers Stadium,Huntsville,Texas,Saturday Afternoon
7,2704,4,149,HC,261,SFA,FALSE,FALSE,FALSE,FALSE,149,Fitton Field,Worcester,MA,Saturday Afternoon
7,2704,4,170,PENN,264,UWG,FALSE,FALSE,FALSE,FALSE,170,Franklin Field,Philadelphia,PA,Saturday Afternoon
7,2704,4,176,CIT,269,UWF,FALSE,FALSE,FALSE,FALSE,176,Johnson Hagood Stadium,Charleston,SC,Saturday Afternoon
7,2704,4,183,GRAM,185,PV,TRUE,TRUE,TRUE,FALSE,183,Eddie G. Robinson Memorial Stadium,Grambling,LA,Saturday Afternoon
7,2704,4,184,BCU,160,MTST,FALSE,FALSE,FALSE,FALSE,184,Daytona Stadium,Daytona Beach,FL,Saturday Afternoon
7,2704,4,188,AAMU,152,FOR,FALSE,FALSE,FALSE,FALSE,188,Louis Crews Stadium,Huntsville,AL,Saturday Afternoon
7,2704,4,196,EIU,260,SUU,FALSE,FALSE,FALSE,FALSE,221,O'Brien Field,Charleston,IL,Saturday Afternoon
7,2704,4,200,TNST,210,MONM,FALSE,FALSE,FALSE,FALSE,225,Hale Stadium,Nashville,TN,Saturday Afternoon
7,2704,4,205,CAMP,169,DART,FALSE,FALSE,FALSE,FALSE,230,Barker-Lane Stadium,Buies Creek,NC,Saturday Afternoon
7,2704,4,209,ME,252,SELA,FALSE,FALSE,FALSE,FALSE,234,Harold Alfond Sports Stadium,Orono,ME,Saturday Afternoon
7,2704,4,219,MRMK,146,WIU,FALSE,FALSE,FALSE,FALSE,244,Duane Stadium,North Andover,MA,Saturday Afternoon
7,2704,4,225,NCCU,172,PRIN,FALSE,FALSE,FALSE,FALSE,250,O'Kelly-Riddick Stadium,Durham,NC,Saturday Afternoon
7,2704,4,227,CCSU,250,NICH,FALSE,FALSE,FALSE,FALSE,252,Arute Field,New Britain,CT,Saturday Afternoon
7,2704,4,238,DRKE,204,BRY,FALSE,FALSE,FALSE,FALSE,263,Drake Stadium,Des Moines,IA,Saturday Afternoon
7,2704,4,5,ZONA,44,KANS,TRUE,FALSE,FALSE,FALSE,5,Arizona Stadium,Tucson,Arizona,Saturday Evening
7,2704,4,6,AZST,79,OKST,TRUE,FALSE,FALSE,FALSE,6,"Sun Devil Stadium, Frank Kush Field",Tempe,Arizona,Saturday Evening
7,2704,4,26,DUKE,14,BC,TRUE,FALSE,FALSE,FALSE,26,Brooks Field at Wallace Wade Stadium,Durham,North Carolina,Saturday Evening
7,2704,4,30,FLA,34,UGA,TRUE,FALSE,TRUE,TRUE,203,TIAA Bank Field,Jacksonville,FL,Saturday Evening
7,2704,4,45,KSST,17,BYU,TRUE,FALSE,FALSE,FALSE,45,Bill Snyder Family Football Stadium,Manhattan,Kansas,Saturday Evening
7,2704,4,63,MSST,52,LOU,FALSE,FALSE,FALSE,FALSE,63,Davis Wade Stadium at Scott Field,Starkville,Mississippi,Saturday Evening
7,2704,4,68,NEV,112,CONN,FALSE,FALSE,FALSE,FALSE,68,Mackay Stadium,Reno,Nevada,Saturday Evening
7,2704,4,74,NW,59,MICH,TRUE,FALSE,TRUE,FALSE,74,Ryan Field,Evanston,Illinois,Saturday Evening
7,2704,4,81,MISS,53,LSU,TRUE,FALSE,TRUE,FALSE,81,Vaught-Hemingway Stadium at Hollingsworth Field,Oxford,Mississippi,Saturday Evening
7,2704,4,165,WEB,154,UCD,TRUE,FALSE,FALSE,FALSE,165,Stewart Stadium,Ogden,UT,Saturday Evening
7,2704,4,249,MCN,251,NWST,TRUE,FALSE,TRUE,FALSE,274,Cowboy Stadium,Lake Charles,LA,Saturday Evening
7,2704,4,16,BUFF,2,AKRN,TRUE,FALSE,FALSE,FALSE,16,UB Stadium,Buffalo,New York,Saturday Morning
7,2704,4,35,GASO,41,IND,FALSE,FALSE,FALSE,FALSE,35,Allen E. Paulson Stadium,Statesboro,Georgia,Saturday Morning
7,2704,4,48,LU,189,UAPB,FALSE,FALSE,FALSE,FALSE,48,Arthur L. Williams Stadium,Lynchburg,Virginia,Saturday Morning
7,2704,4,60,MIST,77,OHST,TRUE,FALSE,FALSE,FALSE,60,Spartan Stadium,East Lansing,Michigan,Saturday Morning
7,2704,4,76,OHIO,15,BGSU,TRUE,FALSE,FALSE,FALSE,76,Peden Stadium,Athens,Ohio,Saturday Morning
7,2704,4,92,USA,80,ODU,TRUE,FALSE,FALSE,FALSE,92,Ladd-Peebles Stadium,Mobile,Alabama,Saturday Morning
7,2704,4,127,WKU,240,MORE,FALSE,FALSE,FALSE,FALSE,127,L. T. Smith Stadium at Jimmy Feix Field,Bowling Green,Kentucky,Saturday Morning
7,2704,4,139,MUR,173,YALE,FALSE,FALSE,FALSE,FALSE,139,Roy Stewart Stadium,Murray,KY,Saturday Morning
7,2704,4,148,COLG,234,WAG,FALSE,FALSE,FALSE,FALSE,148,Andy Kerr Stadium,Hamilton,NY,Saturday Morning
7,2704,4,175,SAM,179,ETSU,TRUE,FALSE,FALSE,FALSE,175,Seibert Stadium,Homewood,AL,Saturday Morning
7,2704,4,191,ALST,187,SOU,TRUE,FALSE,FALSE,FALSE,191,New ASU Stadium,Montgomery,AL,Saturday Morning
7,2704,4,215,STBK,208,HAMP,TRUE,FALSE,FALSE,FALSE,240,Kenneth P. LaValle Stadium,Stony Brook,NY,Saturday Morning
7,2704,4,237,DAY,168,COR,FALSE,FALSE,FALSE,FALSE,262,Welcome Stadium,Dayton,OH,Saturday Morning
7,2704,4,256,APSU,248,LAM,FALSE,FALSE,FALSE,FALSE,281,Fortera Stadium,Clarksville,TN,Saturday Morning
7,2704,4,33,FRES,89,SDSU,TRUE,FALSE,TRUE,FALSE,33,Bulldog Stadium at Jim Sweeney Field,Fresno,California,Saturday Night
7,2704,4,64,MIZZ,10,AUB,TRUE,FALSE,FALSE,FALSE,64,Faurot Field at Memorial Stadium,Columbia,Missouri,Saturday Night
7,2704,4,70,NMSU,97,CUSE,FALSE,FALSE,FALSE,FALSE,70,Aggie Memorial Stadium,Las Cruces,New Mexico,Saturday Night
7,2704,4,83,ORST,211,UNH,FALSE,FALSE,FALSE,FALSE,83,Reser Stadium,Corvallis,Oregon,Saturday Night
7,2704,4,101,TEX,105,TLDO,FALSE,FALSE,FALSE,FALSE,101,Darrell K Royal-Texas Memorial Stadium,Austin,Texas,Saturday Night
7,2704,4,118,UTAH,126,WVU,TRUE,FALSE,FALSE,FALSE,118,Rice-Eccles Stadium,Salt Lake City,Utah,Saturday Night
7,2704,4,140,UNI,180,WCU,FALSE,FALSE,FALSE,FALSE,140,UNI-Dome,Cedar Falls,IA,Saturday Night
7,2704,4,156,EWU,265,CHST,FALSE,FALSE,FALSE,FALSE,156,Roos Field,Cheney,WA,Saturday Night
7,2704,4,158,IDST,207,ELON,FALSE,FALSE,FALSE,FALSE,158,Holt Arena,Pocatello,ID,Saturday Night
7,2704,4,198,LIN,270,MARQ,FALSE,FALSE,FALSE,FALSE,223,Hunter STadium,St. Charles,MO,Saturday Night
7,2704,4,242,USD,144,SDST,FALSE,FALSE,FALSE,FALSE,267,Torero Stadium,San Diego,CA,Saturday Night
7,2704,4,253,ETAM,116,UTEP,FALSE,FALSE,FALSE,FALSE,278,Ernest Hawkins Field at Memorial Stadium,Commerce,TX,Saturday Night
7,2704,4,7,Arkansas,54,Marshall,FALSE,FALSE,FALSE,FALSE,0,"Donald W. Reynolds Razorback Stadium, Frank Broyles Field",Fayetteville,Arkansas,Thursday Night
7,2704,4,9,ARMY,159,MONT,FALSE,FALSE,FALSE,FALSE,9,Blaik Field at Michie Stadium,West Point,New York,Thursday Night
7,2704,4,13,Boise State,3,Alabama,FALSE,FALSE,FALSE,FALSE,0,Albertsons Stadium,Boise,Idaho,Thursday Night
7,2704,4,19,CMU,134,KNSW,FALSE,FALSE,FALSE,FALSE,19,Kelly/Shorts Stadium,Mount Pleasant,Michigan,Thursday Night
7,2704,4,32,FSU,244,STET,FALSE,FALSE,FALSE,FALSE,32,Bobby Bowden Field at Doak S. Campbell Stadium,Tallahassee,Florida,Thursday Night
7,2704,4,36,GAST,49,ULL,TRUE,FALSE,FALSE,FALSE,36,Georgia State Stadium,Atlanta,Georgia,Thursday Night
7,2704,4,46,KENT,113,MASS,TRUE,FALSE,FALSE,FALSE,46,Dix Stadium,Kent,Ohio,Thursday Night
7,2704,4,57,MIAF,121,UVA,TRUE,FALSE,FALSE,FALSE,57,Hard Rock Stadium,Coral Gables,Florida,Thursday Night
7,2704,4,58,MIAO,11,BALL,TRUE,FALSE,FALSE,FALSE,58,Fred C. Yager Stadium,Oxford,Ohio,Thursday Night
7,2704,4,61,MTSU,132,JST,TRUE,FALSE,FALSE,FALSE,61,Johnny Red Floyd Stadium,Murfreesboro,Tennessee,Thursday Night
7,2704,4,65,NAVY,40,ILLI,FALSE,FALSE,FALSE,FALSE,0,Navy-Marine Corps Memorial Stadium,Annapolis,Maryland,Thursday Night
7,2704,4,69,New Mexico,119,Utah State,FALSE,FALSE,FALSE,FALSE,0,Dreamstyle Stadium,Albuquerque,New Mexico,Thursday Night
7,2704,4,71,UNC,22,CLEM,TRUE,FALSE,FALSE,FALSE,71,Kenan Memorial Stadium,Chapel Hill,North Carolina,Thursday Night
7,2704,4,82,OREG,108,TULS,FALSE,FALSE,FALSE,FALSE,0,Autzen Stadium,Eugene,Oregon,Thursday Night
7,2704,4,88,RUTG,20,CHAR,FALSE,FALSE,FALSE,FALSE,88,High Point Solutions Stadium,Piscataway,New Jersey,Thursday Night
7,2704,4,106,TROY,230,MRCY,FALSE,FALSE,FALSE,FALSE,0,Veterans Memorial Stadium at Larry Blakeney Field,Troy,Alabama,Thursday Night
7,2704,4,109,UAB,62,MINN,FALSE,FALSE,FALSE,FALSE,0,Legion Field Stadium,Birmingham,Alabama,Thursday Night
7,2704,4,128,WMU,18,CAL,FALSE,FALSE,FALSE,FALSE,0,Waldo Stadium,Kalamazoo,Michigan,Thursday Night
7,2704,4,135,YSU,186,ALCN,FALSE,FALSE,FALSE,FALSE,135,Stambaugh Stadium,Youngstown,OH,Thursday Night
7,2704,4,136,INST,216,TOW,FALSE,FALSE,FALSE,FALSE,136,Memorial Stadium,Terre Haute,IN,Thursday Night
7,2704,4,150,LAF,197,WEBB,FALSE,FALSE,FALSE,FALSE,150,Fisher Stadium,Easton,PA,Thursday Night
7,2704,4,151,LEH,117,UTSA,FALSE,FALSE,FALSE,FALSE,151,Goodman Stadium,Bethlehem,PA,Thursday Night
7,2704,4,166,BRWN,241,PRE,FALSE,FALSE,FALSE,FALSE,166,Brown Stadium,Providence,RI,Thursday Night
7,2704,4,167,COLU,153,GEOT,FALSE,FALSE,FALSE,FALSE,167,Lawrence A. Wien Stadium,New York,NY,Thursday Night
7,2704,4,181,MER,177,WOF,TRUE,FALSE,FALSE,FALSE,181,Five Star Stadium,Macon,GA,Thursday Night
7,2704,4,201,TNTC,174,FUR,TRUE,FALSE,FALSE,FALSE,226,Tucker Stadium,Cookeville,TN,Thursday Night
7,2704,4,203,ALB,266,NHU,FALSE,FALSE,FALSE,FALSE,228,Tom & Mary Casey Stadium,Albany,NY,Thursday Night
7,2704,4,206,DEL,143,NDSU,FALSE,FALSE,FALSE,FALSE,231,Delaware Stadium,Newark,DE,Thursday Night
7,2704,4,212,NCAT,164,SSU,FALSE,FALSE,FALSE,FALSE,237,Truist Stadium,Greensboro,NC,Thursday Night
7,2704,4,213,URI,178,UTC,FALSE,FALSE,FALSE,FALSE,238,Meade Stadium,Kingston,RI,Thursday Night
7,2704,4,214,RICH,246,HCU,FALSE,FALSE,FALSE,FALSE,239,E. Claiborne Robins Stadium,Richmond,VA,Thursday Night
7,2704,4,221,DSU,147,BUCK,FALSE,FALSE,FALSE,FALSE,246,Alumni Stadium,Dover,DE,Thursday Night
7,2704,4,222,HOW,223,MORG,TRUE,FALSE,TRUE,FALSE,247,William H. Greene Stadium,Washington,DC,Thursday Night
7,2704,4,224,NORF,239,MRST,FALSE,FALSE,FALSE,FALSE,249,"William ""Dick"" Price Stadium",Norfolk,VA,Thursday Night
7,2704,4,226,SCST,247,UIW,FALSE,FALSE,FALSE,FALSE,251,Oliver C. Dawson Stadium,Orangeburg,SC,Thursday Night
7,2704,4,232,SFPA,155,CP,FALSE,FALSE,FALSE,FALSE,257,DeGol Field,Loretto,PA,Thursday Night
7,2704,4,233,STO,202,UTM,FALSE,FALSE,FALSE,FALSE,258,W.B. Mason Stadium,Easton,MA,Thursday Night
7,2704,4,235,BUT,162,UNCO,FALSE,FALSE,FALSE,FALSE,260,Bud and Jackie Sellick Bowl,Indianapolis,IN,Thursday Night
7,2704,4,245,VAL,192,TXSO,FALSE,FALSE,FALSE,FALSE,270,Brown Field,Valparaiso,IN,Thursday Night
7,2704,4,259,UNA,229,LIU,FALSE,FALSE,FALSE,FALSE,284,Braly Municipal Stadium,Florence,AL,Thursday Night
7,2704,4,268,SAMO,193,MSVU,FALSE,FALSE,FALSE,FALSE,293,Veterans Memorial Stadium,Pago Pago,AS,Thursday Night
7,2705,5,8,ARST,36,GAST,TRUE,FALSE,FALSE,FALSE,8,Centennial Bank Stadium,Jonesboro,Arkansas,Friday Night
7,2705,5,43,IAST,45,KSST,TRUE,FALSE,TRUE,FALSE,43,Jack Trice Stadium,Ames,Iowa,Friday Night
7,2705,5,74,NW,115,USC,TRUE,FALSE,FALSE,FALSE,74,Ryan Field,Evanston,Illinois,Friday Night
7,2705,5,98,TCU,5,ZONA,TRUE,FALSE,FALSE,FALSE,98,Amon G. Carter Stadium,Fort Worth,Texas,Friday Night
7,2705,5,133,SHSU,19,CMU,FALSE,FALSE,FALSE,FALSE,133,Bowers Stadium,Huntsville,Texas,Friday Night
7,2705,5,140,UNI,254,RGV,FALSE,FALSE,FALSE,FALSE,140,UNI-Dome,Cedar Falls,IA,Friday Night
7,2705,5,158,IDST,139,MUR,FALSE,FALSE,FALSE,FALSE,158,Holt Arena,Pocatello,ID,Friday Night
7,2705,5,163,PRST,51,LT,FALSE,FALSE,FALSE,FALSE,163,Hillsboro Stadium,Portland,OR,Friday Night
7,2705,5,183,GRAM,194,JXST,TRUE,FALSE,FALSE,FALSE,183,Eddie G. Robinson Memorial Stadium,Grambling,LA,Friday Night
7,2705,5,238,DRKE,68,NEV,FALSE,FALSE,FALSE,FALSE,263,Drake Stadium,Des Moines,IA,Friday Night
7,2705,5,249,MCN,226,SCST,FALSE,FALSE,FALSE,FALSE,274,Cowboy Stadium,Lake Charles,LA,Friday Night
7,2705,5,255,ACU,248,LAM,FALSE,FALSE,FALSE,FALSE,280,Anthony Field at Wildcat Stadium,Abilene,TX,Friday Night
7,2705,5,262,TAR,174,FUR,FALSE,FALSE,FALSE,FALSE,287,Memorial Stadium,Stephenville,TX,Friday Night
7,2705,5,2,AKRN,128,WMU,TRUE,FALSE,FALSE,FALSE,2,InfoCision Stadium-Summa Field,Akron,Ohio,Saturday Afternoon
7,2705,5,25,CSU,246,HCU,FALSE,FALSE,FALSE,FALSE,25,Sonny Lubick Field at Canvas Stadium,Fort Collins,Colorado,Saturday Afternoon
7,2705,5,28,EMU,58,MIAO,TRUE,FALSE,FALSE,FALSE,28,Rynearson Stadium,Ypsilanti,Michigan,Saturday Afternoon
7,2705,5,30,FLA,47,UKEN,TRUE,FALSE,TRUE,FALSE,30,Steve Spurrier-Florida Field at Ben Hill Griffin Stadium,Gainesville,Florida,Saturday Afternoon
7,2705,5,40,ILLI,111,UCLA,TRUE,FALSE,FALSE,FALSE,40,Memorial Stadium,Urbana Champaign,Illinois,Saturday Afternoon
7,2705,5,70,NMSU,146,WIU,FALSE,FALSE,FALSE,FALSE,70,Aggie Memorial Stadium,Las Cruces,New Mexico,Saturday Afternoon
7,2705,5,77,OHST,88,RUTG,TRUE,FALSE,FALSE,FALSE,77,Ohio Stadium,Columbus,Ohio,Saturday Afternoon
7,2705,5,78,OKLA,3,BAMA,TRUE,FALSE,FALSE,FALSE,78,Gaylord Family - Oklahoma Memorial Stadium at Owen Field,Norman,Oklahoma,Saturday Afternoon
7,2705,5,79,OKST,21,CINC,TRUE,FALSE,FALSE,FALSE,79,Boone Pickens Stadium,Stillwater,Oklahoma,Saturday Afternoon
7,2705,5,86,PURD,83,ORST,FALSE,FALSE,FALSE,FALSE,86,Ross-Ade Stadium,West Lafayette,Indiana,Saturday Afternoon
7,2705,5,92,USA,63,MSST,FALSE,FALSE,FALSE,FALSE,92,Ladd-Peebles Stadium,Mobile,Alabama,Saturday Afternoon
7,2705,5,99,TEMP,20,CHAR,TRUE,FALSE,FALSE,FALSE,99,Lincoln Financial Field,Philadelphia,Pennsylvania,Saturday Afternoon
7,2705,5,103,TXST,119,UTST,TRUE,FALSE,FALSE,FALSE,103,Jim Wacker Field at Bobcat Stadium,San Marcos,Texas,Saturday Afternoon
7,2705,5,118,UTAH,39,UHOU,TRUE,FALSE,FALSE,FALSE,118,Rice-Eccles Stadium,Salt Lake City,Utah,Saturday Afternoon
7,2705,5,122,VT,22,CLEM,TRUE,FALSE,FALSE,FALSE,122,Worsham Field at Lane Stadium,Blacksburg,Virginia,Saturday Afternoon
7,2705,5,125,WAST,89,SDSU,TRUE,FALSE,FALSE,FALSE,125,Martin Stadium,Pullman,Washington,Saturday Afternoon
7,2705,5,148,COLG,263,UTU,FALSE,FALSE,FALSE,FALSE,148,Andy Kerr Stadium,Hamilton,NY,Saturday Afternoon
7,2705,5,168,COR,224,NORF,FALSE,FALSE,FALSE,FALSE,168,Schoellkopf Field,Ithaca,NY,Saturday Afternoon
7,2705,5,176,CIT,56,MEMP,FALSE,FALSE,FALSE,FALSE,176,Johnson Hagood Stadium,Charleston,SC,Saturday Afternoon
7,2705,5,177,WOF,244,STET,FALSE,FALSE,FALSE,FALSE,177,Gibbs Stadium,Spartanburg,SC,Saturday Afternoon
7,2705,5,179,ETSU,256,APSU,FALSE,FALSE,FALSE,FALSE,179,William B. Greene Jr. Stadium,Johnson City,TN,Saturday Afternoon
7,2705,5,187,SOU,188,AAMU,TRUE,FALSE,FALSE,FALSE,187,A.W. Mumford Stadium,Baton Rouge,LA,Saturday Afternoon
7,2705,5,191,ALST,189,UAPB,TRUE,FALSE,FALSE,FALSE,191,New ASU Stadium,Montgomery,AL,Saturday Afternoon
7,2705,5,199,SEMO,227,CCSU,FALSE,FALSE,FALSE,FALSE,224,Houck Stadium,Cape Girardeau,MO,Saturday Afternoon
7,2705,5,229,LIU,185,PV,FALSE,FALSE,FALSE,FALSE,254,Bethpage Federal Credit Union Stadium,Brooklyn,NY,Saturday Afternoon
7,2705,5,237,DAY,170,PENN,FALSE,FALSE,FALSE,FALSE,262,Welcome Stadium,Dayton,OH,Saturday Afternoon
7,2705,5,239,MRST,150,LAF,FALSE,FALSE,FALSE,FALSE,264,Leonidoff Field,Poughkeepsie,NY,Saturday Afternoon
7,2705,5,240,MORE,131,JMU,FALSE,FALSE,FALSE,FALSE,265,Jayne Stadium,Morehead,KY,Saturday Afternoon
7,2705,5,247,UIW,90,SJSU,FALSE,FALSE,FALSE,FALSE,272,Gayle and Tom Benson Stadium,San Antonio,TX,Saturday Afternoon
7,2705,5,261,SFA,253,ETAM,TRUE,FALSE,FALSE,FALSE,286,Homer Bryce Stadium,Nacogdoches,TX,Saturday Afternoon
7,2705,5,264,UWG,157,IDHO,FALSE,FALSE,FALSE,FALSE,289,University Stadium,Carrollton,GA,Saturday Afternoon
7,2705,5,1,USAF,112,CONN,FALSE,FALSE,FALSE,FALSE,1,Falcon Stadium,Colorado Springs,Colorado,Saturday Evening
7,2705,5,10,AUB,34,UGA,TRUE,FALSE,TRUE,FALSE,10,Pat Dye Field at Jordan-Hare Stadium,Auburn,Alabama,Saturday Evening
7,2705,5,33,FRES,121,UVA,FALSE,FALSE,FALSE,FALSE,33,Bulldog Stadium at Jim Sweeney Field,Fresno,California,Saturday Evening
7,2705,5,41,IND,60,MIST,TRUE,FALSE,TRUE,FALSE,41,Memorial Stadium,Bloomington,Indiana,Saturday Evening
7,2705,5,67,NEB,207,ELON,FALSE,FALSE,FALSE,FALSE,67,"Memorial Stadium, Tom Osborne Field",Lincoln,Nebraska,Saturday Evening
7,2705,5,85,PITT,26,DUKE,TRUE,FALSE,FALSE,FALSE,85,Heinz Field,Pittsburgh,Pennsylvania,Saturday Evening
7,2705,5,96,STAN,71,UNC,TRUE,FALSE,FALSE,FALSE,96,Stanford Stadium,Stanford,California,Saturday Evening
7,2705,5,101,TEX,205,CAMP,FALSE,FALSE,FALSE,FALSE,101,Darrell K Royal-Texas Memorial Stadium,Austin,Texas,Saturday Evening
7,2705,5,107,TLNE,156,EWU,FALSE,FALSE,FALSE,FALSE,107,Barry B. Benson Field at Yulman Stadium,New Orleans,Louisiana,Saturday Evening
7,2705,5,123,WAKE,37,GT,TRUE,FALSE,FALSE,FALSE,123,BB&T Field,Winston-Salem,North Carolina,Saturday Evening
7,2705,5,124,WASH,9,ARMY,FALSE,FALSE,FALSE,FALSE,124,Alaska Airlines Field at Husky Stadium,Seattle,Washington,Saturday Evening
7,2705,5,130,WYOM,137,ILST,FALSE,FALSE,FALSE,FALSE,130,Jonah Field at War Memorial Stadium,Laramie,Wyoming,Saturday Evening
7,2705,5,162,UNCO,259,UNA,FALSE,FALSE,FALSE,FALSE,162,Nottingham Field,Greeley,CO,Saturday Evening
7,2705,5,164,SSU,172,PRIN,FALSE,FALSE,FALSE,FALSE,164,Hornet Stadium,Sacramento,CA,Saturday Evening
7,2705,5,250,NICH,228,DUQ,FALSE,FALSE,FALSE,FALSE,275,Manning Field at John L. Guidry Stadium,Thibodaux,LA,Saturday Evening
7,2705,5,267,UOG,184,BCU,FALSE,FALSE,FALSE,FALSE,292,National Football Stadium,Mangilao,GM,Saturday Evening
7,2705,5,268,SAMO,198,LIN,FALSE,FALSE,FALSE,FALSE,293,Veterans Memorial Stadium,Pago Pago,AS,Saturday Evening
7,2705,5,14,BC,75,ND,FALSE,FALSE,TRUE,FALSE,14,Alumni Stadium,Chestnut Hill,Massachusetts,Saturday Morning
7,2705,5,23,CCU,95,USM,TRUE,FALSE,FALSE,FALSE,23,Brooks Stadium,Conway,South Carolina,Saturday Morning
7,2705,5,27,ECU,94,USF,TRUE,FALSE,FALSE,FALSE,27,Bagwell Field at Dowdy-Ficklen Stadium,Greenville,North Carolina,Saturday Morning
7,2705,5,31,FAU,73,NIU,FALSE,FALSE,FALSE,FALSE,31,FAU Stadium,Boca Raton,Florida,Saturday Morning
7,2705,5,32,FSU,46,KENT,FALSE,FALSE,FALSE,FALSE,32,Bobby Bowden Field at Doak S. Campbell Stadium,Tallahassee,Florida,Saturday Morning
7,2705,5,61,MTSU,206,DEL,TRUE,FALSE,FALSE,FALSE,61,Johnny Red Floyd Stadium,Murfreesboro,Tennessee,Saturday Morning
7,2705,5,76,OHIO,127,WKU,FALSE,FALSE,FALSE,FALSE,76,Peden Stadium,Athens,Ohio,Saturday Morning
7,2705,5,93,SOCA,53,LSU,TRUE,FALSE,FALSE,FALSE,93,Williams-Brice Stadium,Columbia,South Carolina,Saturday Morning
7,2705,5,109,UAB,171,HARV,FALSE,FALSE,FALSE,FALSE,109,Legion Field Stadium,Birmingham,Alabama,Saturday Morning
7,2705,5,134,KNSW,138,MOST,TRUE,FALSE,FALSE,FALSE,134,Fifth Third Bank Stadium,Kennesaw,Georgia,Saturday Morning
7,2705,5,136,INST,144,SDST,TRUE,FALSE,FALSE,FALSE,136,Memorial Stadium,Terre Haute,IN,Saturday Morning
7,2705,5,151,LEH,232,SFPA,FALSE,FALSE,FALSE,FALSE,151,Goodman Stadium,Bethlehem,PA,Saturday Morning
7,2705,5,193,MSVU,192,TXSO,TRUE,FALSE,FALSE,FALSE,193,Rice-Totten Stadium,Itta Bena,MS,Saturday Morning
7,2705,5,195,CHSO,166,BRWN,FALSE,FALSE,FALSE,FALSE,220,Buccaneer Field,Bules Creek,NC,Saturday Morning
7,2705,5,200,TNST,155,CP,FALSE,FALSE,FALSE,FALSE,225,Hale Stadium,Nashville,TN,Saturday Morning
7,2705,5,201,TNTC,178,UTC,TRUE,FALSE,FALSE,FALSE,226,Tucker Stadium,Cookeville,TN,Saturday Morning
7,2705,5,208,HAMP,203,ALB,TRUE,FALSE,FALSE,FALSE,233,Armstrong Stadium,Hampton,VA,Saturday Morning
7,2705,5,210,MONM,265,CHST,FALSE,FALSE,FALSE,FALSE,235,Kessler Field,West Long Branch,NJ,Saturday Morning
7,2705,5,216,TOW,220,SHU,TRUE,FALSE,FALSE,FALSE,241,Johnny Unitas Stadiumn,Towson,MD,Saturday Morning
7,2705,5,225,NCCU,243,STMN,FALSE,FALSE,FALSE,FALSE,250,O'Kelly-Riddick Stadium,Durham,NC,Saturday Morning
7,2705,5,230,MRCY,153,GEOT,FALSE,FALSE,FALSE,FALSE,255,Saxon Stadium,Erie,PA,Saturday Morning
7,2705,5,245,VAL,236,DAV,TRUE,FALSE,FALSE,FALSE,270,Brown Field,Valparaiso,IN,Saturday Morning
7,2705,5,6,AZST,12,BAYL,TRUE,FALSE,FALSE,FALSE,6,"Sun Devil Stadium, Frank Kush Field",Tempe,Arizona,Saturday Night
7,2705,5,17,BYU,104,TTU,TRUE,FALSE,FALSE,FALSE,17,LaVell Edwards Stadium,Provo,Utah,Saturday Night
7,2705,5,62,MINN,59,MICH,TRUE,FALSE,TRUE,FALSE,62,TCF Bank Stadium,Minneapolis,Minnesota,Saturday Night
7,2705,5,82,OREG,42,IOWA,TRUE,FALSE,FALSE,FALSE,82,Autzen Stadium,Eugene,Oregon,Saturday Night
7,2705,5,116,UTEP,120,VAND,FALSE,FALSE,FALSE,FALSE,116,Sun Bowl Stadium,El Paso,Texas,Saturday Night
7,2705,5,117,UTSA,143,NDSU,FALSE,FALSE,FALSE,FALSE,117,Alamodome,San Antonio,Texas,Saturday Night
7,2705,5,145,SDAK,214,RICH,FALSE,FALSE,FALSE,FALSE,145,DakotaDome,Vermillion,SD,Saturday Night
7,2705,5,159,MONT,241,PRE,FALSE,FALSE,FALSE,FALSE,159,Washington-Grizzly Stadium,Missoula,MT,Saturday Night
7,2705,5,252,SELA,222,HOW,FALSE,FALSE,FALSE,FALSE,277,Strawberry Stadium,Hammond,LA,Saturday Night
7,2705,5,257,CARK,234,WAG,FALSE,FALSE,FALSE,FALSE,282,Estes Stadium,Conway,AR,Saturday Night
7,2705,5,260,SUU,165,WEB,TRUE,FALSE,TRUE,FALSE,285,Eccles Coliseum,Cedar City,UT,Saturday Night
7,2705,5,16,BUFF,209,ME,FALSE,FALSE,FALSE,FALSE,16,UB Stadium,Buffalo,New York,Thursday Night
7,2705,5,24,Colorado,55,Maryland,FALSE,FALSE,FALSE,FALSE,0,Folsom Field,Boulder,Colorado,Thursday Night
7,2705,5,29,FIU,48,LU,TRUE,FALSE,FALSE,FALSE,29,Riccardo Silva Stadium,Miami,Florida,Thursday Night
7,2705,5,35,GASO,106,TROY,TRUE,FALSE,FALSE,FALSE,35,Allen E. Paulson Stadium,Statesboro,Georgia,Thursday Night
7,2705,5,54,MRSH,80,ODU,TRUE,TRUE,FALSE,FALSE,54,Joan C. Edwards Stadium,Huntington,West Virginia,Thursday Night
7,2705,5,57,MIAF,91,SMU,TRUE,FALSE,FALSE,FALSE,57,Hard Rock Stadium,Coral Gables,Florida,Thursday Night
7,2705,5,72,North Texas,49,Louisiana,FALSE,FALSE,FALSE,FALSE,0,Apogee Stadium,Denton,Texas,Thursday Night
7,2705,5,97,CUSE,52,LOU,TRUE,FALSE,FALSE,FALSE,97,Carrier Dome,Syracuse,New York,Thursday Night
7,2705,5,100,TENN,81,MISS,TRUE,FALSE,FALSE,FALSE,100,Neyland Stadium,Knoxville,Tennessee,Thursday Night
7,2705,5,113,MASS,129,WISC,FALSE,FALSE,FALSE,FALSE,113,Warren McGuirk Alumni Stadium,Amherst,Massachusetts,Thursday Night
7,2705,5,114,UNLV,84,PNST,FALSE,FALSE,FALSE,FALSE,114,Allegient Stadium,Las Vegas,Nevada,Thursday Night
7,2705,5,147,BUCK,233,STO,FALSE,FALSE,FALSE,FALSE,147,Christy Mathewson-Memorial Stadium,Lewisburg,PA,Thursday Night
7,2705,5,152,FOR,149,HC,TRUE,FALSE,TRUE,FALSE,152,Jack Coffey Field,Bronx,NY,Thursday Night
7,2705,5,154,UCD,204,BRY,FALSE,FALSE,FALSE,FALSE,154,UC Davis Health Stadium,Davis,CA,Thursday Night
7,2705,5,167,COLU,217,VILL,FALSE,FALSE,FALSE,FALSE,167,Lawrence A. Wien Stadium,New York,NY,Thursday Night
7,2705,5,169,DART,105,TLDO,FALSE,FALSE,FALSE,FALSE,169,Memorial Field,Hanover,NH,Thursday Night
7,2705,5,173,YALE,221,DSU,FALSE,FALSE,FALSE,FALSE,173,Yale Bowl,New Haven,CT,Thursday Night
7,2705,5,181,MER,180,WCU,TRUE,FALSE,FALSE,FALSE,181,Five Star Stadium,Macon,GA,Thursday Night
7,2705,5,182,VMI,175,SAM,TRUE,FALSE,FALSE,FALSE,182,Foster Stadium,Lexington,VA,Thursday Night
7,2705,5,190,FAMU,186,ALCN,TRUE,FALSE,FALSE,FALSE,190,Bragg Memorial Stadium,Tallahassee,FL,Thursday Night
7,2705,5,197,WEBB,218,W&M,FALSE,FALSE,FALSE,FALSE,222,Ernest W. Spangler Stadium,Boiling Springs,NC,Thursday Night
7,2705,5,202,UTM,141,SIU,FALSE,FALSE,FALSE,FALSE,227,Graham Stadium,Martin,TN,Thursday Night
7,2705,5,211,UNH,196,EIU,FALSE,FALSE,FALSE,FALSE,236,Wildcat Stadium,Durham,NH,Thursday Night
7,2705,5,213,URI,212,NCAT,TRUE,FALSE,FALSE,FALSE,238,Meade Stadium,Kingston,RI,Thursday Night
7,2705,5,215,STBK,135,YSU,FALSE,FALSE,FALSE,FALSE,240,Kenneth P. LaValle Stadium,Stony Brook,NY,Thursday Night
7,2705,5,219,MRMK,258,EKU,FALSE,FALSE,FALSE,FALSE,244,Duane Stadium,North Andover,MA,Thursday Night
7,2705,5,223,MORG,142,UND,FALSE,FALSE,FALSE,FALSE,248,Hughes Stadium,Baltimore,MD,Thursday Night
7,2705,5,231,RMU,266,NHU,TRUE,FALSE,FALSE,FALSE,256,Joe Walton Stadium,Moon Township,PA,Thursday Night
7,2705,5,235,BUT,251,NWST,FALSE,FALSE,FALSE,FALSE,260,Bud and Jackie Sellick Bowl,Indianapolis,IN,Thursday Night
7,2705,5,242,USD,161,NAU,FALSE,FALSE,FALSE,FALSE,267,Torero Stadium,San Diego,CA,Thursday Night
7,2705,5,269,UWF,270,MARQ,FALSE,FALSE,FALSE,FALSE,294,Darrell Gooden Stadium,Pensacola,FL,Thursday Night
7,2706,6,51,LT,54,MRSH,TRUE,FALSE,FALSE,FALSE,51,JPS Field at Malone Stadium,Ruston,Louisiana,Friday Night
7,2706,6,72,UNT,109,UAB,TRUE,FALSE,FALSE,FALSE,72,Apogee Stadium,Denton,Texas,Friday Night
7,2706,6,73,NIU,143,NDSU,TRUE,FALSE,FALSE,FALSE,73,Brigham Field at Huskie Stadium,DeKalb,Illinois,Friday Night
7,2706,6,74,NW,82,OREG,TRUE,FALSE,FALSE,FALSE,74,Ryan Field,Evanston,Illinois,Friday Night
7,2706,6,79,OKST,43,IAST,TRUE,FALSE,FALSE,FALSE,79,Boone Pickens Stadium,Stillwater,Oklahoma,Friday Night
7,2706,6,90,SJSU,76,OHIO,FALSE,FALSE,FALSE,FALSE,90,CEFCU Stadium,San Jose,California,Friday Night
7,2706,6,116,UTEP,114,UNLV,TRUE,FALSE,FALSE,FALSE,116,Sun Bowl Stadium,El Paso,Texas,Friday Night
7,2706,6,117,UTSA,99,TEMP,TRUE,FALSE,FALSE,FALSE,117,Alamodome,San Antonio,Texas,Friday Night
7,2706,6,125,WAST,25,CSU,TRUE,FALSE,FALSE,FALSE,125,Martin Stadium,Pullman,Washington,Friday Night
7,2706,6,141,SIU,103,TXST,FALSE,FALSE,FALSE,FALSE,141,Saluki Stadium,Carbondale,IL,Friday Night
7,2706,6,145,SDAK,139,MUR,TRUE,FALSE,FALSE,FALSE,145,DakotaDome,Vermillion,SD,Friday Night
7,2706,6,146,WIU,190,FAMU,FALSE,FALSE,FALSE,FALSE,146,Hanson Field,Macomb,IL,Friday Night
7,2706,6,156,EWU,183,GRAM,FALSE,FALSE,FALSE,FALSE,156,Roos Field,Cheney,WA,Friday Night
7,2706,6,157,IDHO,226,SCST,FALSE,FALSE,FALSE,FALSE,157,Kibbie Dome,Moscow,ID,Friday Night
7,2706,6,158,IDST,224,NORF,FALSE,FALSE,FALSE,FALSE,158,Holt Arena,Pocatello,ID,Friday Night
7,2706,6,164,SSU,28,EMU,TRUE,FALSE,FALSE,FALSE,164,Hornet Stadium,Sacramento,CA,Friday Night
7,2706,6,185,PV,188,AAMU,TRUE,FALSE,FALSE,FALSE,185,Blackshear Field,Prairie View,TX,Friday Night
7,2706,6,246,HCU,249,MCN,TRUE,FALSE,FALSE,FALSE,271,Husky Stadium,Houston,TX,Friday Night
7,2706,6,251,NWST,247,UIW,TRUE,FALSE,FALSE,FALSE,276,Harry Turpin Stadium,Natchitotches,LA,Friday Night
7,2706,6,257,CARK,187,SOU,FALSE,FALSE,FALSE,FALSE,282,Estes Stadium,Conway,AR,Friday Night
7,2706,6,260,SUU,225,NCCU,FALSE,FALSE,FALSE,FALSE,285,Eccles Coliseum,Cedar City,UT,Friday Night
7,2706,6,10,AUB,101,TEX,TRUE,FALSE,FALSE,FALSE,10,Pat Dye Field at Jordan-Hare Stadium,Auburn,Alabama,Saturday Afternoon
7,2706,6,12,BAYL,118,UTAH,TRUE,FALSE,FALSE,FALSE,12,McLane Stadium,Waco,Texas,Saturday Afternoon
7,2706,6,31,FAU,87,RICE,TRUE,FALSE,FALSE,FALSE,31,FAU Stadium,Boca Raton,Florida,Saturday Afternoon
7,2706,6,42,IOWA,115,USC,TRUE,FALSE,FALSE,FALSE,42,Kinnick Stadium,Iowa City,Iowa,Saturday Afternoon
7,2706,6,53,LSU,33,FRES,FALSE,FALSE,FALSE,FALSE,53,Tiger Stadium,Baton Rouge,Louisiana,Saturday Afternoon
7,2706,6,62,MINN,124,WASH,TRUE,FALSE,FALSE,FALSE,62,TCF Bank Stadium,Minneapolis,Minnesota,Saturday Afternoon
7,2706,6,66,NCST,57,MIAF,TRUE,FALSE,FALSE,FALSE,66,Wayne Day Family Field at Carter-Finley Stadium,Raleigh,North Carolina,Saturday Afternoon
7,2706,6,84,PNST,111,UCLA,TRUE,FALSE,FALSE,FALSE,84,Beaver Stadium,University Park,Pennsylvania,Saturday Afternoon
7,2706,6,86,PURD,60,MIST,TRUE,FALSE,FALSE,FALSE,86,Ross-Ade Stadium,West Lafayette,Indiana,Saturday Afternoon
7,2706,6,91,SMU,96,STAN,TRUE,FALSE,TRUE,FALSE,91,Gerald J. Ford Stadium,University Park,Texas,Saturday Afternoon
7,2706,6,97,CUSE,37,GT,TRUE,FALSE,FALSE,FALSE,97,Carrier Dome,Syracuse,New York,Saturday Afternoon
7,2706,6,105,TLDO,61,MTSU,FALSE,FALSE,FALSE,FALSE,105,Glass Bowl,Toledo,Ohio,Saturday Afternoon
7,2706,6,112,CONN,20,CHAR,FALSE,FALSE,FALSE,FALSE,112,Pratt & Whitney Stadium at Rentschler Field,Storrs,Connecticut,Saturday Afternoon
7,2706,6,119,UTST,83,ORST,TRUE,FALSE,FALSE,FALSE,119,Merlin Olsen Field at Maverik Stadium,Logan,Utah,Saturday Afternoon
7,2706,6,120,VAND,64,MIZZ,TRUE,FALSE,FALSE,FALSE,120,Vanderbilt Stadium,Nashville,Tennessee,Saturday Afternoon
7,2706,6,121,UVA,8,ARST,FALSE,FALSE,FALSE,FALSE,121,David A. Harrison III Field at Scott Stadium,Charlottesville,Virginia,Saturday Afternoon
7,2706,6,126,WVU,24,COLO,TRUE,FALSE,FALSE,FALSE,126,Mountaineer Field at Milan Puskar Stadium,Morgantown,West Virginia,Saturday Afternoon
7,2706,6,129,WISC,55,UMD,TRUE,FALSE,FALSE,FALSE,129,Camp Randall Stadium,Madison,Wisconsin,Saturday Afternoon
7,2706,6,132,JST,29,FIU,TRUE,FALSE,FALSE,FALSE,132,Burgess-Snow Field at JSU Stadium,Jacksonville,Alabama,Saturday Afternoon
7,2706,6,144,SDST,140,UNI,TRUE,FALSE,FALSE,FALSE,144,Dana J. Dykhouse Stadium,Brookings,SD,Saturday Afternoon
7,2706,6,186,ALCN,184,BCU,TRUE,FALSE,FALSE,FALSE,186,Spinks-Casem Stadium,Lorman,MS,Saturday Afternoon
7,2706,6,198,LIN,217,VILL,FALSE,FALSE,FALSE,FALSE,223,Hunter STadium,St. Charles,MO,Saturday Afternoon
7,2706,6,201,TNTC,180,WCU,TRUE,FALSE,FALSE,FALSE,226,Tucker Stadium,Cookeville,TN,Saturday Afternoon
7,2706,6,205,CAMP,41,IND,FALSE,FALSE,FALSE,FALSE,230,Barker-Lane Stadium,Buies Creek,NC,Saturday Afternoon
7,2706,6,211,UNH,213,URI,TRUE,FALSE,FALSE,FALSE,236,Wildcat Stadium,Durham,NH,Saturday Afternoon
7,2706,6,219,MRMK,264,UWG,FALSE,FALSE,FALSE,FALSE,244,Duane Stadium,North Andover,MA,Saturday Afternoon
7,2706,6,220,SHU,207,ELON,TRUE,FALSE,FALSE,FALSE,245,Campus Field,Fairfield,CT,Saturday Afternoon
7,2706,6,233,STO,199,SEMO,FALSE,FALSE,FALSE,FALSE,258,W.B. Mason Stadium,Easton,MA,Saturday Afternoon
7,2706,6,234,WAG,229,LIU,TRUE,FALSE,FALSE,FALSE,259,Wagner College Stadium,Staten Island,NY,Saturday Afternoon
7,2706,6,235,BUT,241,PRE,TRUE,FALSE,FALSE,FALSE,260,Bud and Jackie Sellick Bowl,Indianapolis,IN,Saturday Afternoon
7,2706,6,236,DAV,237,DAY,TRUE,FALSE,FALSE,FALSE,261,Richardson Stadium,Davidson,NC,Saturday Afternoon
7,2706,6,244,STET,136,INST,FALSE,FALSE,FALSE,FALSE,269,Spec Martin Memorial Stadium,DeLand,FL,Saturday Afternoon
7,2706,6,250,NICH,261,SFA,TRUE,FALSE,FALSE,FALSE,275,Manning Field at John L. Guidry Stadium,Thibodaux,LA,Saturday Afternoon
7,2706,6,256,APSU,181,MER,FALSE,FALSE,FALSE,FALSE,281,Fortera Stadium,Clarksville,TN,Saturday Afternoon
7,2706,6,270,MARQ,203,ALB,FALSE,FALSE,FALSE,FALSE,295,Marquette Stadium,Milwaukee,WI,Saturday Afternoon
7,2706,6,30,FLA,7,ARK,TRUE,FALSE,FALSE,FALSE,30,Steve Spurrier-Florida Field at Ben Hill Griffin Stadium,Gainesville,Florida,Saturday Evening
7,2706,6,49,ULL,131,JMU,TRUE,FALSE,FALSE,FALSE,49,Cajun Field,Lafayette,Louisiana,Saturday Evening
7,2706,6,52,LOU,26,DUKE,TRUE,FALSE,FALSE,FALSE,52,Cardinal Stadium,Louisville,Kentucky,Saturday Evening
7,2706,6,63,MSST,78,OKLA,TRUE,FALSE,FALSE,FALSE,63,Davis Wade Stadium at Scott Field,Starkville,Mississippi,Saturday Evening
7,2706,6,67,NEB,88,RUTG,TRUE,FALSE,FALSE,FALSE,67,"Memorial Stadium, Tom Osborne Field",Lincoln,Nebraska,Saturday Evening
7,2706,6,69,UNM,130,WYOM,TRUE,FALSE,FALSE,FALSE,69,Dreamstyle Stadium,Albuquerque,New Mexico,Saturday Evening
7,2706,6,89,SDSU,48,LU,FALSE,FALSE,FALSE,FALSE,89,SDCCU Stadium,San Diego,California,Saturday Evening
7,2706,6,123,WAKE,14,BC,TRUE,FALSE,FALSE,FALSE,123,BB&T Field,Winston-Salem,North Carolina,Saturday Evening
7,2706,6,137,ILST,142,UND,TRUE,FALSE,FALSE,FALSE,137,Hancock Stadium,Normal,IL,Saturday Evening
7,2706,6,155,CP,165,WEB,TRUE,FALSE,FALSE,FALSE,155,Alex G. Spanos Stadium,San Luis Obispo,CA,Saturday Evening
7,2706,6,160,MTST,162,UNCO,TRUE,FALSE,FALSE,FALSE,160,Bobcat Stadium,Bozeman,MT,Saturday Evening
7,2706,6,192,TXSO,170,PENN,FALSE,FALSE,FALSE,FALSE,192,PNC Stadium,Houston,TX,Saturday Evening
7,2706,6,252,SELA,248,LAM,TRUE,FALSE,FALSE,FALSE,277,Strawberry Stadium,Hammond,LA,Saturday Evening
7,2706,6,255,ACU,171,HARV,FALSE,FALSE,FALSE,FALSE,280,Anthony Field at Wildcat Stadium,Abilene,TX,Saturday Evening
7,2706,6,21,CINC,45,KSST,TRUE,FALSE,FALSE,FALSE,21,Nippert Stadium,Cincinnati,Ohio,Saturday Morning
7,2706,6,34,UGA,93,SOCA,TRUE,FALSE,TRUE,FALSE,34,Sanford Stadium,Athens,Georgia,Saturday Morning
7,2706,6,35,GASO,113,MASS,FALSE,FALSE,FALSE,FALSE,35,Allen E. Paulson Stadium,Statesboro,Georgia,Saturday Morning
7,2706,6,127,WKU,138,MOST,TRUE,FALSE,FALSE,FALSE,127,L. T. Smith Stadium at Jimmy Feix Field,Bowling Green,Kentucky,Saturday Morning
7,2706,6,150,LAF,215,STBK,FALSE,FALSE,FALSE,FALSE,150,Fisher Stadium,Easton,PA,Saturday Morning
7,2706,6,167,COLU,92,USA,FALSE,FALSE,FALSE,FALSE,167,Lawrence A. Wien Stadium,New York,NY,Saturday Morning
7,2706,6,194,JXST,191,ALST,TRUE,TRUE,FALSE,FALSE,194,Mississippi Veterans Memorial Stadium,Jackson,MS,Saturday Morning
7,2706,6,6,AZST,39,UHOU,TRUE,FALSE,FALSE,FALSE,6,"Sun Devil Stadium, Frank Kush Field",Tempe,Arizona,Saturday Night
7,2706,6,17,BYU,98,TCU,TRUE,FALSE,FALSE,FALSE,17,LaVell Edwards Stadium,Provo,Utah,Saturday Night
7,2706,6,102,TAMU,3,BAMA,TRUE,FALSE,FALSE,FALSE,102,Kyle Field,College Station,Texas,Saturday Night
7,2706,6,104,TTU,5,ZONA,TRUE,FALSE,FALSE,FALSE,104,Jones AT&T Stadium,Lubbock,Texas,Saturday Night
7,2706,6,161,NAU,154,UCD,TRUE,FALSE,FALSE,FALSE,161,Walkup Skydome,Flagstaff,AZ,Saturday Night
7,2706,6,196,EIU,267,UOG,FALSE,FALSE,FALSE,FALSE,221,O'Brien Field,Charleston,IL,Saturday Night
7,2706,6,254,RGV,2,AKRN,FALSE,FALSE,FALSE,FALSE,279,Robert and Janet Vackar Stadium,Edinburg,TX,Saturday Night
7,2706,6,4,APST,95,USM,TRUE,FALSE,FALSE,FALSE,4,Kidd Brewer Stadium,Boone,North Carolina,Thursday Night
7,2706,6,9,Army,75,Notre Dame,FALSE,FALSE,FALSE,FALSE,0,Blaik Field at Michie Stadium,West Point,New York,Thursday Night
7,2706,6,15,BGSU,77,OHST,FALSE,FALSE,FALSE,FALSE,0,Doyt L. Perry Stadium,Bowling Green,Ohio,Thursday Night
7,2706,6,16,BUFF,128,WMU,TRUE,FALSE,FALSE,FALSE,16,UB Stadium,Buffalo,New York,Thursday Night
7,2706,6,19,CMU,11,BALL,TRUE,FALSE,FALSE,FALSE,19,Kelly/Shorts Stadium,Mount Pleasant,Michigan,Thursday Night
7,2706,6,22,CLEM,32,FSU,TRUE,FALSE,TRUE,FALSE,22,Frank Howard Field at Clemson Memorial Stadium,Clemson,South Carolina,Thursday Night
7,2706,6,23,CCU,106,TROY,TRUE,FALSE,FALSE,FALSE,23,Brooks Stadium,Conway,South Carolina,Thursday Night
7,2706,6,27,ECU,56,MEMP,TRUE,FALSE,FALSE,FALSE,27,Bagwell Field at Dowdy-Ficklen Stadium,Greenville,North Carolina,Thursday Night
7,2706,6,38,HAWI,1,USAF,TRUE,FALSE,TRUE,FALSE,38,Aloha Stadium,Honolulu,Hawai'i,Thursday Night
7,2706,6,47,UKEN,100,TENN,TRUE,FALSE,TRUE,FALSE,47,Kroger Field at C.M. Newton Grounds,Lexington,Kentucky,Thursday Night
7,2706,6,50,ULM,168,COR,FALSE,FALSE,FALSE,FALSE,0,Joe Aillet Stadium,Monroe,Louisiana,Thursday Night
7,2706,6,65,NAVY,108,TULS,TRUE,FALSE,FALSE,FALSE,65,Navy-Marine Corps Memorial Stadium,Annapolis,Maryland,Thursday Night
7,2706,6,68,NEV,46,KENT,FALSE,FALSE,FALSE,FALSE,68,Mackay Stadium,Reno,Nevada,Thursday Night
7,2706,6,80,ODU,36,GAST,TRUE,TRUE,FALSE,FALSE,80,Foreman Field at S. B. Ballard Stadium,Norfolk,Virginia,Thursday Night
7,2706,6,85,PITT,18,CAL,TRUE,FALSE,FALSE,FALSE,85,Heinz Field,Pittsburgh,Pennsylvania,Thursday Night
7,2706,6,94,USF,107,TLNE,TRUE,FALSE,FALSE,FALSE,94,Raymond James Stadium,Tampa,Florida,Thursday Night
7,2706,6,134,KNSW,133,SHSU,TRUE,FALSE,FALSE,FALSE,134,Fifth Third Bank Stadium,Kennesaw,Georgia,Thursday Night
7,2706,6,149,HC,58,MIAO,FALSE,FALSE,FALSE,FALSE,149,Fitton Field,Worcester,MA,Thursday Night
7,2706,6,151,LEH,169,DART,FALSE,FALSE,FALSE,FALSE,151,Goodman Stadium,Bethlehem,PA,Thursday Night
7,2706,6,153,GEOT,147,BUCK,TRUE,FALSE,FALSE,FALSE,153,Cooper Field,Washington,DC,Thursday Night
7,2706,6,159,MONT,195,CHSO,FALSE,FALSE,FALSE,FALSE,159,Washington-Grizzly Stadium,Missoula,MT,Thursday Night
7,2706,6,163,PRST,197,WEBB,FALSE,FALSE,FALSE,FALSE,163,Hillsboro Stadium,Portland,OR,Thursday Night
7,2706,6,173,YALE,148,COLG,FALSE,FALSE,FALSE,FALSE,173,Yale Bowl,New Haven,CT,Thursday Night
7,2706,6,178,UTC,174,FUR,TRUE,FALSE,FALSE,FALSE,178,Finley Stadium,Chattanooga,TN,Thursday Night
7,2706,6,179,ETSU,176,CIT,TRUE,FALSE,FALSE,FALSE,179,William B. Greene Jr. Stadium,Johnson City,TN,Thursday Night
7,2706,6,182,VMI,177,WOF,TRUE,FALSE,FALSE,FALSE,182,Foster Stadium,Lexington,VA,Thursday Night
7,2706,6,193,MSVU,189,UAPB,TRUE,FALSE,FALSE,FALSE,193,Rice-Totten Stadium,Itta Bena,MS,Thursday Night
7,2706,6,200,TNST,268,SAMO,FALSE,FALSE,FALSE,FALSE,225,Hale Stadium,Nashville,TN,Thursday Night
7,2706,6,202,UTM,262,TAR,FALSE,FALSE,FALSE,FALSE,227,Graham Stadium,Martin,TN,Thursday Night
7,2706,6,204,BRY,172,PRIN,FALSE,FALSE,FALSE,FALSE,229,Beirne Stadium,Smithfield,RI,Thursday Night
7,2706,6,206,DEL,70,NMSU,TRUE,FALSE,FALSE,FALSE,231,Delaware Stadium,Newark,DE,Thursday Night
7,2706,6,209,ME,243,STMN,FALSE,FALSE,FALSE,FALSE,234,Harold Alfond Sports Stadium,Orono,ME,Thursday Night
7,2706,6,212,NCAT,166,BRWN,FALSE,FALSE,FALSE,FALSE,237,Truist Stadium,Greensboro,NC,Thursday Night
7,2706,6,214,RICH,253,ETAM,FALSE,FALSE,FALSE,FALSE,239,E. Claiborne Robins Stadium,Richmond,VA,Thursday Night
7,2706,6,216,TOW,208,HAMP,TRUE,FALSE,FALSE,FALSE,241,Johnny Unitas Stadiumn,Towson,MD,Thursday Night
7,2706,6,218,W&M,152,FOR,TRUE,FALSE,FALSE,FALSE,243,Water J. Zable Stadium,Williamsburg,VA,Thursday Night
7,2706,6,221,DSU,175,SAM,FALSE,FALSE,FALSE,FALSE,246,Alumni Stadium,Dover,DE,Thursday Night
7,2706,6,222,HOW,210,MONM,FALSE,FALSE,FALSE,FALSE,247,William H. Greene Stadium,Washington,DC,Thursday Night
7,2706,6,227,CCSU,228,DUQ,TRUE,FALSE,FALSE,FALSE,252,Arute Field,New Britain,CT,Thursday Night
7,2706,6,230,MRCY,223,MORG,FALSE,FALSE,FALSE,FALSE,255,Saxon Stadium,Erie,PA,Thursday Night
7,2706,6,232,SFPA,135,YSU,FALSE,FALSE,FALSE,FALSE,257,DeGol Field,Loretto,PA,Thursday Night
7,2706,6,239,MRST,269,UWF,FALSE,FALSE,FALSE,FALSE,264,Leonidoff Field,Poughkeepsie,NY,Thursday Night
7,2706,6,240,MORE,238,DRKE,TRUE,FALSE,FALSE,FALSE,265,Jayne Stadium,Morehead,KY,Thursday Night
7,2706,6,242,USD,245,VAL,TRUE,FALSE,FALSE,FALSE,267,Torero Stadium,San Diego,CA,Thursday Night
7,2706,6,258,EKU,231,RMU,FALSE,FALSE,FALSE,FALSE,283,Roy Kidd Stadium,Richmond,KY,Thursday Night
7,2706,6,259,UNA,263,UTU,FALSE,FALSE,FALSE,FALSE,284,Braly Municipal Stadium,Florence,AL,Thursday Night
7,2706,6,266,NHU,265,CHST,TRUE,FALSE,FALSE,FALSE,291,Ralph F. DellaCamera Stadium,New Haven,CT,Thursday Night
7,2707,7,8,ARST,35,GASO,TRUE,FALSE,FALSE,FALSE,8,Centennial Bank Stadium,Jonesboro,Arkansas,Friday Night
7,2707,7,24,COLO,39,UHOU,TRUE,FALSE,FALSE,FALSE,24,Folsom Field,Boulder,Colorado,Friday Night
7,2707,7,49,ULL,51,LT,TRUE,TRUE,TRUE,FALSE,49,Cajun Field,Lafayette,Louisiana,Friday Night
7,2707,7,68,NEV,73,NIU,TRUE,FALSE,FALSE,FALSE,68,Mackay Stadium,Reno,Nevada,Friday Night
7,2707,7,74,NW,124,WASH,TRUE,FALSE,FALSE,FALSE,74,Ryan Field,Evanston,Illinois,Friday Night
7,2707,7,79,OKST,44,KANS,TRUE,FALSE,FALSE,FALSE,79,Boone Pickens Stadium,Stillwater,Oklahoma,Friday Night
7,2707,7,83,ORST,103,TXST,TRUE,FALSE,FALSE,FALSE,83,Reser Stadium,Corvallis,Oregon,Friday Night
7,2707,7,90,SJSU,1,USAF,TRUE,FALSE,FALSE,FALSE,90,CEFCU Stadium,San Jose,California,Friday Night
7,2707,7,138,MOST,48,LU,TRUE,FALSE,FALSE,FALSE,138,Robert W. Plaster Stadium,Springfield,MO,Friday Night
7,2707,7,142,UND,136,INST,TRUE,FALSE,FALSE,FALSE,142,Alerus Center,Grand Forks,ND,Friday Night
7,2707,7,145,SDAK,141,SIU,TRUE,FALSE,FALSE,FALSE,145,DakotaDome,Vermillion,SD,Friday Night
7,2707,7,146,WIU,202,UTM,TRUE,FALSE,FALSE,FALSE,146,Hanson Field,Macomb,IL,Friday Night
7,2707,7,196,EIU,195,CHSO,TRUE,FALSE,FALSE,FALSE,221,O'Brien Field,Charleston,IL,Friday Night
7,2707,7,238,DRKE,242,USD,TRUE,FALSE,FALSE,FALSE,263,Drake Stadium,Des Moines,IA,Friday Night
7,2707,7,251,NWST,252,SELA,TRUE,FALSE,TRUE,FALSE,276,Harry Turpin Stadium,Natchitotches,LA,Friday Night
7,2707,7,253,ETAM,225,NCCU,FALSE,FALSE,FALSE,FALSE,278,Ernest Hawkins Field at Memorial Stadium,Commerce,TX,Friday Night
7,2707,7,2,AKRN,81,MISS,FALSE,FALSE,FALSE,FALSE,2,InfoCision Stadium-Summa Field,Akron,Ohio,Saturday Afternoon
7,2707,7,10,AUB,58,MIAO,FALSE,FALSE,FALSE,FALSE,10,Pat Dye Field at Jordan-Hare Stadium,Auburn,Alabama,Saturday Afternoon
7,2707,7,26,DUKE,91,SMU,TRUE,FALSE,FALSE,FALSE,26,Brooks Field at Wallace Wade Stadium,Durham,North Carolina,Saturday Afternoon
7,2707,7,33,FRES,97,CUSE,FALSE,FALSE,FALSE,FALSE,33,Bulldog Stadium at Jim Sweeney Field,Fresno,California,Saturday Afternoon
7,2707,7,42,IOWA,62,MINN,TRUE,FALSE,TRUE,FALSE,42,Kinnick Stadium,Iowa City,Iowa,Saturday Afternoon
7,2707,7,60,MIST,75,ND,FALSE,FALSE,TRUE,FALSE,60,Spartan Stadium,East Lansing,Michigan,Saturday Afternoon
7,2707,7,80,ODU,23,CCU,TRUE,TRUE,FALSE,FALSE,80,Foreman Field at S. B. Ballard Stadium,Norfolk,Virginia,Saturday Afternoon
7,2707,7,96,STAN,22,CLEM,TRUE,FALSE,FALSE,FALSE,96,Stanford Stadium,Stanford,California,Saturday Afternoon
7,2707,7,101,TEX,78,OKLA,TRUE,FALSE,TRUE,TRUE,0,,,,Saturday Afternoon
7,2707,7,108,TULS,31,FAU,TRUE,FALSE,FALSE,FALSE,108,Skelly Field at H. A. Chapman Stadium,Tulsa,Oklahoma,Saturday Afternoon
7,2707,7,120,VAND,53,LSU,TRUE,FALSE,FALSE,FALSE,120,Vanderbilt Stadium,Nashville,Tennessee,Saturday Afternoon
7,2707,7,178,UTC,176,CIT,TRUE,FALSE,FALSE,FALSE,178,Finley Stadium,Chattanooga,TN,Saturday Afternoon
7,2707,7,194,JXST,192,TXSO,TRUE,FALSE,FALSE,FALSE,194,Mississippi Veterans Memorial Stadium,Jackson,MS,Saturday Afternoon
7,2707,7,201,TNTC,259,UNA,FALSE,FALSE,FALSE,FALSE,226,Tucker Stadium,Cookeville,TN,Saturday Afternoon
7,2707,7,210,MONM,211,UNH,TRUE,FALSE,FALSE,FALSE,235,Kessler Field,West Long Branch,NJ,Saturday Afternoon
7,2707,7,212,NCAT,215,STBK,TRUE,FALSE,FALSE,FALSE,237,Truist Stadium,Greensboro,NC,Saturday Afternoon
7,2707,7,214,RICH,152,FOR,TRUE,FALSE,FALSE,FALSE,239,E. Claiborne Robins Stadium,Richmond,VA,Saturday Afternoon
7,2707,7,218,W&M,226,SCST,FALSE,FALSE,FALSE,FALSE,243,Water J. Zable Stadium,Williamsburg,VA,Saturday Afternoon
7,2707,7,224,NORF,220,SHU,FALSE,FALSE,FALSE,FALSE,249,"William ""Dick"" Price Stadium",Norfolk,VA,Saturday Afternoon
7,2707,7,227,CCSU,233,STO,TRUE,FALSE,FALSE,FALSE,252,Arute Field,New Britain,CT,Saturday Afternoon
7,2707,7,236,DAV,235,BUT,TRUE,FALSE,FALSE,FALSE,261,Richardson Stadium,Davidson,NC,Saturday Afternoon
7,2707,7,245,VAL,239,MRST,TRUE,FALSE,FALSE,FALSE,270,Brown Field,Valparaiso,IN,Saturday Afternoon
7,2707,7,249,MCN,254,RGV,TRUE,FALSE,FALSE,FALSE,274,Cowboy Stadium,Lake Charles,LA,Saturday Afternoon
7,2707,7,256,APSU,262,TAR,TRUE,FALSE,FALSE,FALSE,281,Fortera Stadium,Clarksville,TN,Saturday Afternoon
7,2707,7,261,SFA,248,LAM,TRUE,FALSE,FALSE,FALSE,286,Homer Bryce Stadium,Nacogdoches,TX,Saturday Afternoon
7,2707,7,5,ZONA,17,BYU,TRUE,FALSE,FALSE,FALSE,5,Arizona Stadium,Tucson,Arizona,Saturday Evening
7,2707,7,18,CAL,32,FSU,TRUE,FALSE,FALSE,FALSE,18,California Memorial Stadium,Berkeley,California,Saturday Evening
7,2707,7,37,GT,66,NCST,TRUE,FALSE,FALSE,FALSE,37,Bobby Dodd Stadium at Historic Grant Field,Atlanta,Georgia,Saturday Evening
7,2707,7,47,UKEN,63,MSST,TRUE,FALSE,FALSE,FALSE,47,Kroger Field at C.M. Newton Grounds,Lexington,Kentucky,Saturday Evening
7,2707,7,67,NEB,55,UMD,TRUE,FALSE,FALSE,FALSE,67,"Memorial Stadium, Tom Osborne Field",Lincoln,Nebraska,Saturday Evening
7,2707,7,70,NMSU,61,MTSU,TRUE,FALSE,FALSE,FALSE,70,Aggie Memorial Stadium,Las Cruces,New Mexico,Saturday Evening
7,2707,7,87,RICE,94,USF,TRUE,FALSE,FALSE,FALSE,87,Rice Stadium,Houston,Texas,Saturday Evening
7,2707,7,104,TTU,98,TCU,TRUE,FALSE,TRUE,FALSE,104,Jones AT&T Stadium,Lubbock,Texas,Saturday Evening
7,2707,7,110,UCF,126,WVU,TRUE,FALSE,FALSE,FALSE,110,Bounce House,Orlando,Florida,Saturday Evening
7,2707,7,114,UNLV,255,ACU,FALSE,FALSE,FALSE,FALSE,114,Allegient Stadium,Las Vegas,Nevada,Saturday Evening
7,2707,7,119,UTST,25,CSU,TRUE,FALSE,FALSE,FALSE,119,Merlin Olsen Field at Maverik Stadium,Logan,Utah,Saturday Evening
7,2707,7,125,WAST,13,BOIS,TRUE,FALSE,FALSE,FALSE,125,Martin Stadium,Pullman,Washington,Saturday Evening
7,2707,7,143,NDSU,69,UNM,TRUE,FALSE,FALSE,FALSE,143,Fargodome,Fargo,ND,Saturday Evening
7,2707,7,161,NAU,263,UTU,TRUE,FALSE,FALSE,FALSE,161,Walkup Skydome,Flagstaff,AZ,Saturday Evening
7,2707,7,162,UNCO,158,IDST,TRUE,FALSE,FALSE,FALSE,162,Nottingham Field,Greeley,CO,Saturday Evening
7,2707,7,163,PRST,260,SUU,TRUE,FALSE,FALSE,FALSE,163,Hillsboro Stadium,Portland,OR,Saturday Evening
7,2707,7,189,UAPB,190,FAMU,TRUE,FALSE,FALSE,FALSE,189,Simmons Bank Field,Pine Bluff,AR,Saturday Evening
7,2707,7,247,UIW,250,NICH,TRUE,FALSE,FALSE,FALSE,272,Gayle and Tom Benson Stadium,San Antonio,TX,Saturday Evening
7,2707,7,257,CARK,232,SFPA,FALSE,FALSE,FALSE,FALSE,282,Estes Stadium,Conway,AR,Saturday Evening
7,2707,7,265,CHST,234,WAG,TRUE,FALSE,FALSE,FALSE,290,SeatGeek Stadium,Chicago,IL,Saturday Evening
7,2707,7,270,MARQ,241,PRE,FALSE,FALSE,FALSE,FALSE,295,Marquette Stadium,Milwaukee,WI,Saturday Evening
7,2707,7,3,BAMA,30,FLA,TRUE,FALSE,TRUE,FALSE,3,Bryant-Denny Stadium,Tuscaloosa,Alabama,Saturday Morning
7,2707,7,11,BALL,15,BGSU,TRUE,FALSE,FALSE,FALSE,11,Scheumann Stadium,Muncie,Indiana,Saturday Morning
7,2707,7,20,CHAR,117,UTSA,TRUE,FALSE,FALSE,FALSE,20,McColl-Richardson Field at Jerry Richardson Stadium,Charlotte,North Carolina,Saturday Morning
7,2707,7,76,OHIO,28,EMU,TRUE,FALSE,FALSE,FALSE,76,Peden Stadium,Athens,Ohio,Saturday Morning
7,2707,7,77,OHST,86,PURD,TRUE,FALSE,FALSE,FALSE,77,Ohio Stadium,Columbus,Ohio,Saturday Morning
7,2707,7,88,RUTG,111,UCLA,TRUE,FALSE,FALSE,FALSE,88,High Point Solutions Stadium,Piscataway,New Jersey,Saturday Morning
7,2707,7,100,TENN,64,MIZZ,TRUE,FALSE,FALSE,FALSE,100,Neyland Stadium,Knoxville,Tennessee,Saturday Morning
7,2707,7,109,UAB,16,BUFF,FALSE,FALSE,FALSE,FALSE,109,Legion Field Stadium,Birmingham,Alabama,Saturday Morning
7,2707,7,112,CONN,89,SDSU,FALSE,FALSE,FALSE,FALSE,112,Pratt & Whitney Stadium at Rentschler Field,Storrs,Connecticut,Saturday Morning
7,2707,7,113,MASS,164,SSU,TRUE,FALSE,FALSE,FALSE,113,Warren McGuirk Alumni Stadium,Amherst,Massachusetts,Saturday Morning
7,2707,7,122,VT,57,MIAF,TRUE,FALSE,TRUE,FALSE,122,Worsham Field at Lane Stadium,Blacksburg,Virginia,Saturday Morning
7,2707,7,128,WMU,46,KENT,TRUE,FALSE,FALSE,FALSE,128,Waldo Stadium,Kalamazoo,Michigan,Saturday Morning
7,2707,7,148,COLG,223,MORG,FALSE,FALSE,FALSE,FALSE,148,Andy Kerr Stadium,Hamilton,NY,Saturday Morning
7,2707,7,150,LAF,175,SAM,FALSE,FALSE,FALSE,FALSE,150,Fisher Stadium,Easton,PA,Saturday Morning
7,2707,7,167,COLU,170,PENN,TRUE,FALSE,FALSE,FALSE,167,Lawrence A. Wien Stadium,New York,NY,Saturday Morning
7,2707,7,174,FUR,181,MER,TRUE,FALSE,FALSE,FALSE,174,Paladin Stadium,Greenville,SC,Saturday Morning
7,2707,7,184,BCU,185,PV,TRUE,FALSE,FALSE,FALSE,184,Daytona Stadium,Daytona Beach,FL,Saturday Morning
7,2707,7,203,ALB,209,ME,TRUE,FALSE,FALSE,FALSE,228,Tom & Mary Casey Stadium,Albany,NY,Saturday Morning
7,2707,7,207,ELON,216,TOW,TRUE,FALSE,FALSE,FALSE,232,Rhodes Stadium,Elon,NC,Saturday Morning
7,2707,7,217,VILL,102,TAMU,FALSE,FALSE,FALSE,FALSE,242,Villanova Stadium,Philadelphia,PA,Saturday Morning
7,2707,7,231,RMU,228,DUQ,TRUE,FALSE,FALSE,FALSE,256,Joe Walton Stadium,Moon Township,PA,Saturday Morning
7,2707,7,264,UWG,147,BUCK,FALSE,FALSE,FALSE,FALSE,289,University Stadium,Carrollton,GA,Saturday Morning
7,2707,7,7,ARK,93,SOCA,TRUE,FALSE,FALSE,FALSE,7,"Donald W. Reynolds Razorback Stadium, Frank Broyles Field",Fayetteville,Arkansas,Saturday Night
7,2707,7,12,BAYL,237,DAY,FALSE,FALSE,FALSE,FALSE,12,McLane Stadium,Waco,Texas,Saturday Night
7,2707,7,38,HAWI,134,KNSW,FALSE,FALSE,FALSE,FALSE,38,Aloha Stadium,Honolulu,Hawai'i,Saturday Night
7,2707,7,40,ILLI,82,OREG,TRUE,FALSE,FALSE,FALSE,40,Memorial Stadium,Urbana Champaign,Illinois,Saturday Night
7,2707,7,107,TLNE,65,NAVY,TRUE,FALSE,FALSE,FALSE,107,Barry B. Benson Field at Yulman Stadium,New Orleans,Louisiana,Saturday Night
7,2707,7,115,USC,41,IND,TRUE,FALSE,FALSE,FALSE,115,Los Angeles Memorial Coliseum,Los Angeles,California,Saturday Night
7,2707,7,140,UNI,137,ILST,TRUE,FALSE,FALSE,FALSE,140,UNI-Dome,Cedar Falls,IA,Saturday Night
7,2707,7,154,UCD,159,MONT,TRUE,FALSE,FALSE,FALSE,154,UC Davis Health Stadium,Davis,CA,Saturday Night
7,2707,7,156,EWU,155,CP,TRUE,FALSE,FALSE,FALSE,156,Roos Field,Cheney,WA,Saturday Night
7,2707,7,187,SOU,219,MRMK,FALSE,FALSE,FALSE,FALSE,187,A.W. Mumford Stadium,Baton Rouge,LA,Saturday Night
7,2707,7,198,LIN,165,WEB,FALSE,FALSE,FALSE,FALSE,223,Hunter STadium,St. Charles,MO,Saturday Night
7,2707,7,243,STMN,244,STET,TRUE,FALSE,FALSE,FALSE,268,O'Shaughnessy Stadium,Saint Paul,MN,Saturday Night
7,2707,7,246,HCU,183,GRAM,FALSE,FALSE,FALSE,FALSE,271,Husky Stadium,Houston,TX,Saturday Night
7,2707,7,4,APST,92,USA,TRUE,FALSE,FALSE,FALSE,4,Kidd Brewer Stadium,Boone,North Carolina,Thursday Night
7,2707,7,6,Arizona State,36,Georgia State,FALSE,FALSE,FALSE,FALSE,0,"Sun Devil Stadium, Frank Kush Field",Tempe,Arizona,Thursday Night
7,2707,7,9,ARMY,72,UNT,TRUE,FALSE,FALSE,FALSE,9,Blaik Field at Michie Stadium,West Point,New York,Thursday Night
7,2707,7,19,CMU,105,TLDO,TRUE,FALSE,FALSE,FALSE,19,Kelly/Shorts Stadium,Mount Pleasant,Michigan,Thursday Night
7,2707,7,29,FIU,133,SHSU,TRUE,FALSE,FALSE,FALSE,29,Riccardo Silva Stadium,Miami,Florida,Thursday Night
7,2707,7,59,MICH,129,WISC,TRUE,FALSE,FALSE,FALSE,59,Michigan Stadium,Ann Arbor,Michigan,Thursday Night
7,2707,7,85,PITT,121,UVA,TRUE,FALSE,FALSE,FALSE,85,Heinz Field,Pittsburgh,Pennsylvania,Thursday Night
7,2707,7,95,USM,106,TROY,TRUE,TRUE,FALSE,FALSE,95,Carlisle-Faulkner Field at M.M. Roberts Stadium,Hattiesburg,Mississippi,Thursday Night
7,2707,7,99,TEMP,56,MEMP,TRUE,FALSE,FALSE,FALSE,99,Lincoln Financial Field,Philadelphia,Pennsylvania,Thursday Night
7,2707,7,123,WAKE,52,LOU,TRUE,FALSE,FALSE,FALSE,123,BB&T Field,Winston-Salem,North Carolina,Thursday Night
7,2707,7,127,WKU,132,JST,TRUE,FALSE,FALSE,FALSE,127,L. T. Smith Stadium at Jimmy Feix Field,Bowling Green,Kentucky,Thursday Night
7,2707,7,130,WYOM,116,UTEP,TRUE,FALSE,FALSE,FALSE,130,Jonah Field at War Memorial Stadium,Laramie,Wyoming,Thursday Night
7,2707,7,131,JMU,50,ULM,TRUE,FALSE,FALSE,FALSE,131,Bridgeforth Stadium,Harrisonburg,Virginia,Thursday Night
7,2707,7,135,YSU,144,SDST,TRUE,FALSE,FALSE,FALSE,135,Stambaugh Stadium,Youngstown,OH,Thursday Night
7,2707,7,139,MUR,27,ECU,FALSE,FALSE,FALSE,FALSE,139,Roy Stewart Stadium,Murray,KY,Thursday Night
7,2707,7,151,LEH,267,UOG,FALSE,FALSE,FALSE,FALSE,151,Goodman Stadium,Bethlehem,PA,Thursday Night
7,2707,7,153,GEOT,149,HC,TRUE,FALSE,FALSE,FALSE,153,Cooper Field,Washington,DC,Thursday Night
7,2707,7,160,MTST,157,IDHO,TRUE,FALSE,FALSE,FALSE,160,Bobcat Stadium,Bozeman,MT,Thursday Night
7,2707,7,169,DART,166,BRWN,TRUE,FALSE,FALSE,FALSE,169,Memorial Field,Hanover,NH,Thursday Night
7,2707,7,172,PRIN,171,HARV,TRUE,FALSE,TRUE,FALSE,172,Princeton Stadium,Princeton,NJ,Thursday Night
7,2707,7,173,YALE,168,COR,TRUE,FALSE,FALSE,FALSE,173,Yale Bowl,New Haven,CT,Thursday Night
7,2707,7,179,ETSU,177,WOF,TRUE,FALSE,FALSE,FALSE,179,William B. Greene Jr. Stadium,Johnson City,TN,Thursday Night
7,2707,7,180,WCU,182,VMI,TRUE,FALSE,FALSE,FALSE,180,EJ Whitmire Stadium,Cullowhee,NC,Thursday Night
7,2707,7,188,AAMU,186,ALCN,TRUE,FALSE,FALSE,FALSE,188,Louis Crews Stadium,Huntsville,AL,Thursday Night
7,2707,7,191,ALST,193,MSVU,TRUE,TRUE,FALSE,FALSE,191,New ASU Stadium,Montgomery,AL,Thursday Night
7,2707,7,197,WEBB,84,PNST,FALSE,FALSE,FALSE,FALSE,222,Ernest W. Spangler Stadium,Boiling Springs,NC,Thursday Night
7,2707,7,200,TNST,199,SEMO,TRUE,FALSE,FALSE,FALSE,225,Hale Stadium,Nashville,TN,Thursday Night
7,2707,7,204,BRY,213,URI,TRUE,FALSE,FALSE,FALSE,229,Beirne Stadium,Smithfield,RI,Thursday Night
7,2707,7,205,CAMP,208,HAMP,TRUE,FALSE,FALSE,FALSE,230,Barker-Lane Stadium,Buies Creek,NC,Thursday Night
7,2707,7,206,DEL,45,KSST,FALSE,FALSE,FALSE,FALSE,231,Delaware Stadium,Newark,DE,Thursday Night
7,2707,7,222,HOW,240,MORE,FALSE,FALSE,FALSE,FALSE,247,William H. Greene Stadium,Washington,DC,Thursday Night
7,2707,7,230,MRCY,229,LIU,TRUE,FALSE,FALSE,FALSE,255,Saxon Stadium,Erie,PA,Thursday Night
7,2707,7,266,NHU,221,DSU,FALSE,FALSE,FALSE,FALSE,291,Ralph F. DellaCamera Stadium,New Haven,CT,Thursday Night
7,2707,7,269,UWF,258,EKU,TRUE,FALSE,FALSE,FALSE,294,Darrell Gooden Stadium,Pensacola,FL,Thursday Night
7,2708,8,33,FRES,125,WAST,TRUE,FALSE,FALSE,FALSE,33,Bulldog Stadium at Jim Sweeney Field,Fresno,California,Friday Night
7,2708,8,39,UHOU,104,TTU,TRUE,FALSE,TRUE,FALSE,39,John O'Quinn Field at TDECU Stadium,Houston,Texas,Friday Night
7,2708,8,49,ULL,2,AKRN,FALSE,FALSE,FALSE,FALSE,49,Cajun Field,Lafayette,Louisiana,Friday Night
7,2708,8,53,LSU,101,TEX,TRUE,FALSE,FALSE,FALSE,53,Tiger Stadium,Baton Rouge,Louisiana,Friday Night
7,2708,8,103,TXST,25,CSU,TRUE,FALSE,FALSE,FALSE,103,Jim Wacker Field at Bobcat Stadium,San Marcos,Texas,Friday Night
7,2708,8,114,UNLV,1,USAF,TRUE,FALSE,FALSE,FALSE,114,Allegient Stadium,Las Vegas,Nevada,Friday Night
7,2708,8,119,UTST,13,BOIS,TRUE,FALSE,FALSE,FALSE,119,Merlin Olsen Field at Maverik Stadium,Logan,Utah,Friday Night
7,2708,8,142,UND,145,SDAK,TRUE,FALSE,TRUE,FALSE,142,Alerus Center,Grand Forks,ND,Friday Night
7,2708,8,183,GRAM,184,BCU,TRUE,FALSE,FALSE,FALSE,183,Eddie G. Robinson Memorial Stadium,Grambling,LA,Friday Night
7,2708,8,192,TXSO,186,ALCN,TRUE,TRUE,FALSE,FALSE,192,PNC Stadium,Houston,TX,Friday Night
7,2708,8,249,MCN,253,ETAM,TRUE,FALSE,FALSE,FALSE,274,Cowboy Stadium,Lake Charles,LA,Friday Night
7,2708,8,257,CARK,256,APSU,TRUE,FALSE,FALSE,FALSE,282,Estes Stadium,Conway,AR,Friday Night
7,2708,8,260,SUU,263,UTU,TRUE,FALSE,TRUE,FALSE,285,Eccles Coliseum,Cedar City,UT,Friday Night
7,2708,8,261,SFA,246,HCU,TRUE,FALSE,FALSE,FALSE,286,Homer Bryce Stadium,Nacogdoches,TX,Friday Night
7,2708,8,267,UOG,168,COR,FALSE,FALSE,FALSE,FALSE,292,National Football Stadium,Mangilao,GM,Friday Night
7,2708,8,15,BGSU,19,CMU,TRUE,FALSE,FALSE,FALSE,15,Doyt L. Perry Stadium,Bowling Green,Ohio,Saturday Afternoon
7,2708,8,26,DUKE,71,UNC,TRUE,FALSE,TRUE,FALSE,26,Brooks Field at Wallace Wade Stadium,Durham,North Carolina,Saturday Afternoon
7,2708,8,46,KENT,179,ETSU,FALSE,FALSE,FALSE,FALSE,46,Dix Stadium,Kent,Ohio,Saturday Afternoon
7,2708,8,50,ULM,51,LT,TRUE,TRUE,TRUE,FALSE,50,Joe Aillet Stadium,Monroe,Louisiana,Saturday Afternoon
7,2708,8,60,MIST,129,WISC,TRUE,FALSE,FALSE,FALSE,60,Spartan Stadium,East Lansing,Michigan,Saturday Afternoon
7,2708,8,62,MINN,115,USC,TRUE,FALSE,FALSE,FALSE,62,TCF Bank Stadium,Minneapolis,Minnesota,Saturday Afternoon
7,2708,8,64,MIZZ,47,UKEN,TRUE,FALSE,FALSE,FALSE,64,Faurot Field at Memorial Stadium,Columbia,Missouri,Saturday Afternoon
7,2708,8,95,USM,92,USA,TRUE,TRUE,FALSE,FALSE,95,Carlisle-Faulkner Field at M.M. Roberts Stadium,Hattiesburg,Mississippi,Saturday Afternoon
7,2708,8,110,UCF,79,OKST,TRUE,FALSE,FALSE,FALSE,110,Bounce House,Orlando,Florida,Saturday Afternoon
7,2708,8,118,UTAH,5,ZONA,TRUE,FALSE,FALSE,FALSE,118,Rice-Eccles Stadium,Salt Lake City,Utah,Saturday Afternoon
7,2708,8,121,UVA,32,FSU,TRUE,FALSE,TRUE,FALSE,121,David A. Harrison III Field at Scott Stadium,Charlottesville,Virginia,Saturday Afternoon
7,2708,8,123,WAKE,97,CUSE,TRUE,FALSE,FALSE,FALSE,123,BB&T Field,Winston-Salem,North Carolina,Saturday Afternoon
7,2708,8,127,WKU,133,SHSU,TRUE,FALSE,FALSE,FALSE,127,L. T. Smith Stadium at Jimmy Feix Field,Bowling Green,Kentucky,Saturday Afternoon
7,2708,8,128,WMU,28,EMU,TRUE,FALSE,TRUE,FALSE,128,Waldo Stadium,Kalamazoo,Michigan,Saturday Afternoon
7,2708,8,138,MOST,132,JST,TRUE,FALSE,FALSE,FALSE,138,Robert W. Plaster Stadium,Springfield,MO,Saturday Afternoon
7,2708,8,166,BRWN,173,YALE,TRUE,FALSE,FALSE,FALSE,166,Brown Stadium,Providence,RI,Saturday Afternoon
7,2708,8,185,PV,149,HC,FALSE,FALSE,FALSE,FALSE,185,Blackshear Field,Prairie View,TX,Saturday Afternoon
7,2708,8,207,ELON,205,CAMP,TRUE,FALSE,FALSE,FALSE,232,Rhodes Stadium,Elon,NC,Saturday Afternoon
7,2708,8,215,STBK,213,URI,TRUE,FALSE,FALSE,FALSE,240,Kenneth P. LaValle Stadium,Stony Brook,NY,Saturday Afternoon
7,2708,8,226,SCST,98,TCU,FALSE,FALSE,FALSE,FALSE,251,Oliver C. Dawson Stadium,Orangeburg,SC,Saturday Afternoon
7,2708,8,227,CCSU,191,ALST,FALSE,FALSE,FALSE,FALSE,252,Arute Field,New Britain,CT,Saturday Afternoon
7,2708,8,235,BUT,240,MORE,TRUE,FALSE,FALSE,FALSE,260,Bud and Jackie Sellick Bowl,Indianapolis,IN,Saturday Afternoon
7,2708,8,262,TAR,258,EKU,TRUE,FALSE,FALSE,FALSE,287,Memorial Stadium,Stephenville,TX,Saturday Afternoon
7,2708,8,266,NHU,230,MRCY,TRUE,FALSE,FALSE,FALSE,291,Ralph F. DellaCamera Stadium,New Haven,CT,Saturday Afternoon
7,2708,8,270,MARQ,43,IAST,FALSE,FALSE,FALSE,FALSE,295,Marquette Stadium,Milwaukee,WI,Saturday Afternoon
7,2708,8,9,ARMY,87,RICE,TRUE,FALSE,FALSE,FALSE,0,Blaik Field at Michie Stadium,West Point,New York,Saturday Evening
7,2708,8,10,AUB,93,SOCA,TRUE,FALSE,FALSE,FALSE,10,Pat Dye Field at Jordan-Hare Stadium,Auburn,Alabama,Saturday Evening
7,2708,8,12,BAYL,58,MIAO,FALSE,FALSE,FALSE,FALSE,12,McLane Stadium,Waco,Texas,Saturday Evening
7,2708,8,21,CINC,126,WVU,TRUE,FALSE,TRUE,FALSE,21,Nippert Stadium,Cincinnati,Ohio,Saturday Evening
7,2708,8,22,CLEM,37,GT,TRUE,FALSE,TRUE,FALSE,22,Frank Howard Field at Clemson Memorial Stadium,Clemson,South Carolina,Saturday Evening
7,2708,8,24,COLO,44,KANS,TRUE,FALSE,FALSE,FALSE,24,Folsom Field,Boulder,Colorado,Saturday Evening
7,2708,8,34,UGA,7,ARK,TRUE,FALSE,FALSE,FALSE,34,Sanford Stadium,Athens,Georgia,Saturday Evening
7,2708,8,41,IND,67,NEB,TRUE,FALSE,FALSE,FALSE,41,Memorial Stadium,Bloomington,Indiana,Saturday Evening
7,2708,8,45,KSST,242,USD,FALSE,FALSE,FALSE,FALSE,45,Bill Snyder Family Football Stadium,Manhattan,Kansas,Saturday Evening
7,2708,8,68,NEV,38,HAWI,TRUE,FALSE,FALSE,FALSE,68,Mackay Stadium,Reno,Nevada,Saturday Evening
7,2708,8,84,PNST,86,PURD,TRUE,FALSE,FALSE,FALSE,84,Beaver Stadium,University Park,Pennsylvania,Saturday Evening
7,2708,8,111,UCLA,74,NW,TRUE,FALSE,FALSE,FALSE,111,Rose Bowl Stadium,Los Angeles,California,Saturday Evening
7,2708,8,137,ILST,135,YSU,TRUE,FALSE,FALSE,FALSE,137,Hancock Stadium,Normal,IL,Saturday Evening
7,2708,8,144,SDST,214,RICH,FALSE,FALSE,FALSE,FALSE,144,Dana J. Dykhouse Stadium,Brookings,SD,Saturday Evening
7,2708,8,146,WIU,197,WEBB,TRUE,FALSE,FALSE,FALSE,146,Hanson Field,Macomb,IL,Saturday Evening
7,2708,8,155,CP,162,UNCO,TRUE,FALSE,FALSE,FALSE,155,Alex G. Spanos Stadium,San Luis Obispo,CA,Saturday Evening
7,2708,8,156,EWU,158,IDST,TRUE,FALSE,FALSE,FALSE,156,Roos Field,Cheney,WA,Saturday Evening
7,2708,8,160,MTST,154,UCD,TRUE,FALSE,FALSE,FALSE,160,Bobcat Stadium,Bozeman,MT,Saturday Evening
7,2708,8,163,PRST,161,NAU,TRUE,FALSE,FALSE,FALSE,163,Hillsboro Stadium,Portland,OR,Saturday Evening
7,2708,8,165,WEB,222,HOW,FALSE,FALSE,FALSE,FALSE,165,Stewart Stadium,Ogden,UT,Saturday Evening
7,2708,8,250,NICH,251,NWST,TRUE,FALSE,TRUE,FALSE,275,Manning Field at John L. Guidry Stadium,Thibodaux,LA,Saturday Evening
7,2708,8,252,SELA,247,UIW,TRUE,FALSE,FALSE,FALSE,277,Strawberry Stadium,Hammond,LA,Saturday Evening
7,2708,8,254,RGV,248,LAM,TRUE,FALSE,FALSE,FALSE,279,Robert and Janet Vackar Stadium,Edinburg,TX,Saturday Evening
7,2708,8,30,FLA,78,OKLA,TRUE,FALSE,FALSE,FALSE,30,Steve Spurrier-Florida Field at Ben Hill Griffin Stadium,Gainesville,Florida,Saturday Morning
7,2708,8,55,UMD,42,IOWA,TRUE,FALSE,FALSE,FALSE,55,Capital One Field at Maryland Stadium,College Park,Maryland,Saturday Morning
7,2708,8,56,MEMP,94,USF,TRUE,FALSE,FALSE,FALSE,56,Liberty Bowl Memorial Stadium,Memphis,Tennessee,Saturday Morning
7,2708,8,57,MIAF,196,EIU,FALSE,FALSE,FALSE,FALSE,57,Hard Rock Stadium,Coral Gables,Florida,Saturday Morning
7,2708,8,65,NAVY,109,UAB,TRUE,FALSE,FALSE,FALSE,65,Navy-Marine Corps Memorial Stadium,Annapolis,Maryland,Saturday Morning
7,2708,8,88,RUTG,40,ILLI,TRUE,FALSE,FALSE,FALSE,88,High Point Solutions Stadium,Piscataway,New Jersey,Saturday Morning
7,2708,8,91,SMU,66,NCST,TRUE,FALSE,FALSE,FALSE,0,Gerald J. Ford Stadium,University Park,Texas,Saturday Morning
7,2708,8,99,TEMP,107,TLNE,TRUE,FALSE,FALSE,FALSE,99,Lincoln Financial Field,Philadelphia,Pennsylvania,Saturday Morning
7,2708,8,105,TLDO,164,SSU,TRUE,FALSE,FALSE,FALSE,105,Glass Bowl,Toledo,Ohio,Saturday Morning
7,2708,8,113,MASS,170,PENN,FALSE,FALSE,FALSE,FALSE,113,Warren McGuirk Alumni Stadium,Amherst,Massachusetts,Saturday Morning
7,2708,8,122,VT,96,STAN,TRUE,FALSE,FALSE,FALSE,122,Worsham Field at Lane Stadium,Blacksburg,Virginia,Saturday Morning
7,2708,8,131,JMU,36,GAST,TRUE,TRUE,FALSE,FALSE,131,Bridgeforth Stadium,Harrisonburg,Virginia,Saturday Morning
7,2708,8,136,INST,140,UNI,TRUE,FALSE,FALSE,FALSE,136,Memorial Stadium,Terre Haute,IN,Saturday Morning
7,2708,8,152,FOR,151,LEH,TRUE,FALSE,FALSE,FALSE,152,Jack Coffey Field,Bronx,NY,Saturday Morning
7,2708,8,175,SAM,178,UTC,TRUE,FALSE,FALSE,FALSE,175,Seibert Stadium,Homewood,AL,Saturday Morning
7,2708,8,180,WCU,174,FUR,TRUE,FALSE,FALSE,FALSE,180,EJ Whitmire Stadium,Cullowhee,NC,Saturday Morning
7,2708,8,182,VMI,181,MER,TRUE,FALSE,FALSE,FALSE,182,Foster Stadium,Lexington,VA,Saturday Morning
7,2708,8,216,TOW,219,MRMK,FALSE,FALSE,FALSE,FALSE,241,Johnny Unitas Stadiumn,Towson,MD,Saturday Morning
7,2708,8,218,W&M,147,BUCK,TRUE,FALSE,FALSE,FALSE,243,Water J. Zable Stadium,Williamsburg,VA,Saturday Morning
7,2708,8,223,MORG,224,NORF,TRUE,FALSE,FALSE,FALSE,248,Hughes Stadium,Baltimore,MD,Saturday Morning
7,2708,8,236,DAV,243,STMN,TRUE,FALSE,FALSE,FALSE,261,Richardson Stadium,Davidson,NC,Saturday Morning
7,2708,8,259,UNA,255,ACU,TRUE,FALSE,FALSE,FALSE,284,Braly Municipal Stadium,Florence,AL,Saturday Morning
7,2708,8,264,UWG,269,UWF,TRUE,FALSE,FALSE,FALSE,289,University Stadium,Carrollton,GA,Saturday Morning
7,2708,8,72,UNT,31,FAU,TRUE,FALSE,FALSE,FALSE,72,Apogee Stadium,Denton,Texas,Saturday Night
7,2708,8,73,NIU,69,UNM,TRUE,FALSE,FALSE,FALSE,73,Brigham Field at Huskie Stadium,DeKalb,Illinois,Saturday Night
7,2708,8,89,SDSU,83,ORST,TRUE,FALSE,FALSE,FALSE,89,SDCCU Stadium,San Diego,California,Saturday Night
7,2708,8,117,UTSA,27,ECU,TRUE,FALSE,FALSE,FALSE,117,Alamodome,San Antonio,Texas,Saturday Night
7,2708,8,124,WASH,82,OREG,TRUE,FALSE,TRUE,FALSE,124,Alaska Airlines Field at Husky Stadium,Seattle,Washington,Saturday Night
7,2708,8,143,NDSU,116,UTEP,TRUE,FALSE,FALSE,FALSE,143,Fargodome,Fargo,ND,Saturday Night
7,2708,8,189,UAPB,187,SOU,TRUE,TRUE,FALSE,FALSE,189,Simmons Bank Field,Pine Bluff,AR,Saturday Night
7,2708,8,199,SEMO,198,LIN,TRUE,FALSE,FALSE,FALSE,224,Houck Stadium,Cape Girardeau,MO,Saturday Night
7,2708,8,265,CHST,231,RMU,TRUE,FALSE,FALSE,FALSE,290,SeatGeek Stadium,Chicago,IL,Saturday Night
7,2708,8,11,BALL,76,OHIO,TRUE,FALSE,FALSE,FALSE,11,Scheumann Stadium,Muncie,Indiana,Thursday Night
7,2708,8,14,BC,18,CAL,TRUE,FALSE,FALSE,FALSE,14,Alumni Stadium,Chestnut Hill,Massachusetts,Thursday Night
7,2708,8,16,BUFF,6,AZST,FALSE,FALSE,FALSE,FALSE,16,UB Stadium,Buffalo,New York,Thursday Night
7,2708,8,20,CHAR,108,TULS,TRUE,FALSE,FALSE,FALSE,20,McColl-Richardson Field at Jerry Richardson Stadium,Charlotte,North Carolina,Thursday Night
7,2708,8,29,FIU,70,NMSU,TRUE,FALSE,FALSE,FALSE,29,Riccardo Silva Stadium,Miami,Florida,Thursday Night
7,2708,8,52,LOU,85,PITT,TRUE,FALSE,TRUE,FALSE,52,Cardinal Stadium,Louisville,Kentucky,Thursday Night
7,2708,8,54,MRSH,23,CCU,TRUE,TRUE,FALSE,FALSE,54,Joan C. Edwards Stadium,Huntington,West Virginia,Thursday Night
7,2708,8,61,MTSU,134,KNSW,TRUE,FALSE,FALSE,FALSE,61,Johnny Red Floyd Stadium,Murfreesboro,Tennessee,Thursday Night
7,2708,8,80,ODU,35,GASO,TRUE,TRUE,FALSE,FALSE,80,Foreman Field at S. B. Ballard Stadium,Norfolk,Virginia,Thursday Night
7,2708,8,81,MISS,102,TAMU,TRUE,FALSE,FALSE,FALSE,81,Vaught-Hemingway Stadium at Hollingsworth Field,Oxford,Mississippi,Thursday Night
7,2708,8,100,TENN,3,BAMA,TRUE,FALSE,TRUE,FALSE,100,Neyland Stadium,Knoxville,Tennessee,Thursday Night
7,2708,8,106,TROY,8,ARST,TRUE,TRUE,FALSE,FALSE,106,Veterans Memorial Stadium at Larry Blakeney Field,Troy,Alabama,Thursday Night
7,2708,8,112,CONN,120,VAND,FALSE,FALSE,FALSE,FALSE,112,Pratt & Whitney Stadium at Rentschler Field,Storrs,Connecticut,Thursday Night
7,2708,8,130,WYOM,90,SJSU,TRUE,FALSE,FALSE,FALSE,130,Jonah Field at War Memorial Stadium,Laramie,Wyoming,Thursday Night
7,2708,8,139,MUR,141,SIU,TRUE,FALSE,FALSE,FALSE,139,Roy Stewart Stadium,Murray,KY,Thursday Night
7,2708,8,150,LAF,153,GEOT,TRUE,FALSE,FALSE,FALSE,150,Fisher Stadium,Easton,PA,Thursday Night
7,2708,8,157,IDHO,159,MONT,TRUE,FALSE,TRUE,FALSE,157,Kibbie Dome,Moscow,ID,Thursday Night
7,2708,8,169,DART,172,PRIN,TRUE,FALSE,FALSE,FALSE,169,Memorial Field,Hanover,NH,Thursday Night
7,2708,8,171,HARV,167,COLU,TRUE,FALSE,FALSE,FALSE,171,Harvard Stadium,Cambridge,MA,Thursday Night
7,2708,8,176,CIT,177,WOF,TRUE,FALSE,TRUE,FALSE,176,Johnson Hagood Stadium,Charleston,SC,Thursday Night
7,2708,8,188,AAMU,194,JXST,TRUE,TRUE,FALSE,FALSE,188,Louis Crews Stadium,Huntsville,AL,Thursday Night
7,2708,8,193,MSVU,190,FAMU,TRUE,TRUE,FALSE,FALSE,193,Rice-Totten Stadium,Itta Bena,MS,Thursday Night
7,2708,8,195,CHSO,202,UTM,TRUE,FALSE,FALSE,FALSE,220,Buccaneer Field,Bules Creek,NC,Thursday Night
7,2708,8,200,TNST,201,TNTC,FALSE,FALSE,TRUE,FALSE,225,Hale Stadium,Nashville,TN,Thursday Night
7,2708,8,204,BRY,203,ALB,TRUE,FALSE,FALSE,FALSE,229,Beirne Stadium,Smithfield,RI,Thursday Night
7,2708,8,206,DEL,48,LU,TRUE,FALSE,FALSE,FALSE,231,Delaware Stadium,Newark,DE,Thursday Night
7,2708,8,209,ME,220,SHU,TRUE,FALSE,FALSE,FALSE,234,Harold Alfond Sports Stadium,Orono,ME,Thursday Night
7,2708,8,210,MONM,212,NCAT,TRUE,FALSE,FALSE,FALSE,235,Kessler Field,West Long Branch,NJ,Thursday Night
7,2708,8,211,UNH,208,HAMP,TRUE,FALSE,FALSE,FALSE,236,Wildcat Stadium,Durham,NH,Thursday Night
7,2708,8,217,VILL,148,COLG,TRUE,FALSE,FALSE,FALSE,242,Villanova Stadium,Philadelphia,PA,Thursday Night
7,2708,8,221,DSU,268,SAMO,FALSE,FALSE,FALSE,FALSE,246,Alumni Stadium,Dover,DE,Thursday Night
7,2708,8,225,NCCU,4,APST,FALSE,FALSE,FALSE,FALSE,250,O'Kelly-Riddick Stadium,Durham,NC,Thursday Night
7,2708,8,229,LIU,228,DUQ,TRUE,FALSE,FALSE,FALSE,254,Bethpage Federal Credit Union Stadium,Brooklyn,NY,Thursday Night
7,2708,8,232,SFPA,63,MSST,FALSE,FALSE,FALSE,FALSE,257,DeGol Field,Loretto,PA,Thursday Night
7,2708,8,234,WAG,233,STO,TRUE,FALSE,FALSE,FALSE,259,Wagner College Stadium,Staten Island,NY,Thursday Night
7,2708,8,237,DAY,244,STET,TRUE,FALSE,FALSE,FALSE,262,Welcome Stadium,Dayton,OH,Thursday Night
7,2708,8,241,PRE,239,MRST,TRUE,FALSE,FALSE,FALSE,266,Bailey Memorial Stadium,Clinton,SC,Thursday Night
7,2708,8,245,VAL,238,DRKE,TRUE,FALSE,FALSE,FALSE,270,Brown Field,Valparaiso,IN,Thursday Night
7,2709,9,24,COLO,17,BYU,TRUE,FALSE,FALSE,FALSE,24,Folsom Field,Boulder,Colorado,Friday Night
7,2709,9,69,UNM,68,NEV,TRUE,FALSE,FALSE,FALSE,69,Dreamstyle Stadium,Albuquerque,New Mexico,Friday Night
7,2709,9,114,UNLV,130,WYOM,TRUE,FALSE,FALSE,FALSE,114,Allegient Stadium,Las Vegas,Nevada,Friday Night
7,2709,9,117,UTSA,87,RICE,TRUE,FALSE,FALSE,FALSE,117,Alamodome,San Antonio,Texas,Friday Night
7,2709,9,143,NDSU,38,HAWI,TRUE,FALSE,FALSE,FALSE,143,Fargodome,Fargo,ND,Friday Night
7,2709,9,192,TXSO,191,ALST,TRUE,FALSE,FALSE,FALSE,192,PNC Stadium,Houston,TX,Friday Night
7,2709,9,198,LIN,200,TNST,TRUE,FALSE,FALSE,FALSE,223,Hunter STadium,St. Charles,MO,Friday Night
7,2709,9,242,USD,236,DAV,TRUE,FALSE,FALSE,FALSE,267,Torero Stadium,San Diego,CA,Friday Night
7,2709,9,243,STMN,238,DRKE,TRUE,FALSE,FALSE,FALSE,268,O'Shaughnessy Stadium,Saint Paul,MN,Friday Night
7,2709,9,246,HCU,253,ETAM,TRUE,FALSE,FALSE,FALSE,271,Husky Stadium,Houston,TX,Friday Night
7,2709,9,249,MCN,270,MARQ,FALSE,FALSE,FALSE,FALSE,274,Cowboy Stadium,Lake Charles,LA,Friday Night
7,2709,9,251,NWST,146,WIU,FALSE,FALSE,FALSE,FALSE,276,Harry Turpin Stadium,Natchitotches,LA,Friday Night
7,2709,9,252,SELA,199,SEMO,FALSE,FALSE,FALSE,FALSE,277,Strawberry Stadium,Hammond,LA,Friday Night
7,2709,9,255,ACU,258,EKU,TRUE,FALSE,FALSE,FALSE,280,Anthony Field at Wildcat Stadium,Abilene,TX,Friday Night
7,2709,9,260,SUU,157,IDHO,TRUE,FALSE,FALSE,FALSE,285,Eccles Coliseum,Cedar City,UT,Friday Night
7,2709,9,262,TAR,259,UNA,TRUE,FALSE,FALSE,FALSE,287,Memorial Stadium,Stephenville,TX,Friday Night
7,2709,9,263,UTU,159,MONT,TRUE,FALSE,FALSE,FALSE,288,Greater Zion STadium,St. George,UT,Friday Night
7,2709,9,265,CHST,233,STO,TRUE,FALSE,FALSE,FALSE,290,SeatGeek Stadium,Chicago,IL,Friday Night
7,2709,9,2,AKRN,164,SSU,TRUE,FALSE,FALSE,FALSE,2,InfoCision Stadium-Summa Field,Akron,Ohio,Saturday Afternoon
7,2709,9,15,BGSU,113,MASS,TRUE,FALSE,FALSE,FALSE,15,Doyt L. Perry Stadium,Bowling Green,Ohio,Saturday Afternoon
7,2709,9,20,CHAR,109,UAB,TRUE,FALSE,FALSE,FALSE,20,McColl-Richardson Field at Jerry Richardson Stadium,Charlotte,North Carolina,Saturday Afternoon
7,2709,9,40,ILLI,41,IND,TRUE,FALSE,TRUE,FALSE,40,Memorial Stadium,Urbana Champaign,Illinois,Saturday Afternoon
7,2709,9,43,IAST,12,BAYL,TRUE,FALSE,FALSE,FALSE,43,Jack Trice Stadium,Ames,Iowa,Saturday Afternoon
7,2709,9,44,KANS,98,TCU,TRUE,FALSE,FALSE,FALSE,44,David Booth Kansas Memorial Stadium,Lawrence,Kansas,Saturday Afternoon
7,2709,9,47,UKEN,10,AUB,TRUE,FALSE,FALSE,FALSE,47,Kroger Field at C.M. Newton Grounds,Lexington,Kentucky,Saturday Afternoon
7,2709,9,48,LU,61,MTSU,TRUE,FALSE,FALSE,FALSE,48,Arthur L. Williams Stadium,Lynchburg,Virginia,Saturday Afternoon
7,2709,9,59,MICH,60,MIST,TRUE,FALSE,TRUE,FALSE,59,Michigan Stadium,Ann Arbor,Michigan,Saturday Afternoon
7,2709,9,73,NIU,1,USAF,TRUE,FALSE,FALSE,FALSE,73,Brigham Field at Huskie Stadium,DeKalb,Illinois,Saturday Afternoon
7,2709,9,83,ORST,33,FRES,TRUE,FALSE,FALSE,FALSE,83,Reser Stadium,Corvallis,Oregon,Saturday Afternoon
7,2709,9,86,PURD,115,USC,TRUE,FALSE,FALSE,FALSE,86,Ross-Ade Stadium,West Lafayette,Indiana,Saturday Afternoon
7,2709,9,105,TLDO,128,WMU,TRUE,FALSE,FALSE,FALSE,105,Glass Bowl,Toledo,Ohio,Saturday Afternoon
7,2709,9,108,TULS,56,MEMP,TRUE,FALSE,FALSE,FALSE,108,Skelly Field at H. A. Chapman Stadium,Tulsa,Oklahoma,Saturday Afternoon
7,2709,9,110,UCF,104,TTU,TRUE,FALSE,FALSE,FALSE,110,Bounce House,Orlando,Florida,Saturday Afternoon
7,2709,9,121,UVA,37,GT,TRUE,FALSE,FALSE,FALSE,121,David A. Harrison III Field at Scott Stadium,Charlottesville,Virginia,Saturday Afternoon
7,2709,9,129,WISC,124,WASH,TRUE,FALSE,FALSE,FALSE,129,Camp Randall Stadium,Madison,Wisconsin,Saturday Afternoon
7,2709,9,132,JST,134,KNSW,TRUE,FALSE,FALSE,FALSE,132,Burgess-Snow Field at JSU Stadium,Jacksonville,Alabama,Saturday Afternoon
7,2709,9,137,ILST,136,INST,TRUE,FALSE,FALSE,FALSE,137,Hancock Stadium,Normal,IL,Saturday Afternoon
7,2709,9,139,MUR,144,SDST,TRUE,FALSE,FALSE,FALSE,139,Roy Stewart Stadium,Murray,KY,Saturday Afternoon
7,2709,9,176,CIT,180,WCU,TRUE,FALSE,FALSE,FALSE,176,Johnson Hagood Stadium,Charleston,SC,Saturday Afternoon
7,2709,9,201,TNTC,202,UTM,FALSE,FALSE,TRUE,FALSE,226,Tucker Stadium,Cookeville,TN,Saturday Afternoon
7,2709,9,211,UNH,203,ALB,TRUE,FALSE,FALSE,FALSE,236,Wildcat Stadium,Durham,NH,Saturday Afternoon
7,2709,9,217,VILL,151,LEH,TRUE,FALSE,FALSE,FALSE,242,Villanova Stadium,Philadelphia,PA,Saturday Afternoon
7,2709,9,220,SHU,210,MONM,TRUE,FALSE,FALSE,FALSE,245,Campus Field,Fairfield,CT,Saturday Afternoon
7,2709,9,234,WAG,231,RMU,TRUE,FALSE,FALSE,FALSE,259,Wagner College Stadium,Staten Island,NY,Saturday Afternoon
7,2709,9,248,LAM,247,UIW,TRUE,FALSE,FALSE,FALSE,273,Provost Umphrey Stadium,Beaumont,TX,Saturday Afternoon
7,2709,9,254,RGV,261,SFA,TRUE,FALSE,FALSE,FALSE,279,Robert and Janet Vackar Stadium,Edinburg,TX,Saturday Afternoon
7,2709,9,256,APSU,269,UWF,TRUE,FALSE,FALSE,FALSE,281,Fortera Stadium,Clarksville,TN,Saturday Afternoon
7,2709,9,266,NHU,160,MTST,FALSE,FALSE,FALSE,FALSE,291,Ralph F. DellaCamera Stadium,New Haven,CT,Saturday Afternoon
7,2709,9,3,BAMA,93,SOCA,TRUE,FALSE,FALSE,FALSE,3,Bryant-Denny Stadium,Tuscaloosa,Alabama,Saturday Evening
7,2709,9,7,ARK,101,TEX,TRUE,FALSE,TRUE,FALSE,7,"Donald W. Reynolds Razorback Stadium, Frank Broyles Field",Fayetteville,Arkansas,Saturday Evening
7,2709,9,70,NMSU,127,WKU,TRUE,FALSE,FALSE,FALSE,70,Aggie Memorial Stadium,Las Cruces,New Mexico,Saturday Evening
7,2709,9,85,PITT,32,FSU,TRUE,FALSE,FALSE,FALSE,85,Heinz Field,Pittsburgh,Pennsylvania,Saturday Evening
7,2709,9,102,TAMU,78,OKLA,TRUE,FALSE,FALSE,FALSE,102,Kyle Field,College Station,Texas,Saturday Evening
7,2709,9,155,CP,153,GEOT,FALSE,FALSE,FALSE,FALSE,155,Alex G. Spanos Stadium,San Luis Obispo,CA,Saturday Evening
7,2709,9,161,NAU,267,UOG,FALSE,FALSE,FALSE,FALSE,161,Walkup Skydome,Flagstaff,AZ,Saturday Evening
7,2709,9,165,WEB,156,EWU,TRUE,FALSE,FALSE,FALSE,165,Stewart Stadium,Ogden,UT,Saturday Evening
7,2709,9,189,UAPB,186,ALCN,TRUE,TRUE,FALSE,FALSE,189,Simmons Bank Field,Pine Bluff,AR,Saturday Evening
7,2709,9,257,CARK,264,UWG,TRUE,FALSE,FALSE,FALSE,282,Estes Stadium,Conway,AR,Saturday Evening
7,2709,9,14,BC,66,NCST,TRUE,FALSE,FALSE,FALSE,14,Alumni Stadium,Chestnut Hill,Massachusetts,Saturday Morning
7,2709,9,19,CMU,28,EMU,TRUE,FALSE,TRUE,FALSE,19,Kelly/Shorts Stadium,Mount Pleasant,Michigan,Saturday Morning
7,2709,9,23,CCU,131,JMU,TRUE,TRUE,FALSE,FALSE,23,Brooks Stadium,Conway,South Carolina,Saturday Morning
7,2709,9,52,LOU,71,UNC,TRUE,FALSE,FALSE,FALSE,52,Cardinal Stadium,Louisville,Kentucky,Saturday Morning
7,2709,9,80,ODU,4,APST,TRUE,TRUE,FALSE,FALSE,80,Foreman Field at S. B. Ballard Stadium,Norfolk,Virginia,Saturday Morning
7,2709,9,88,RUTG,82,OREG,TRUE,FALSE,FALSE,FALSE,88,High Point Solutions Stadium,Piscataway,New Jersey,Saturday Morning
7,2709,9,94,USF,65,NAVY,TRUE,FALSE,FALSE,FALSE,94,Raymond James Stadium,Tampa,Florida,Saturday Morning
7,2709,9,97,CUSE,96,STAN,TRUE,FALSE,FALSE,FALSE,97,Carrier Dome,Syracuse,New York,Saturday Morning
7,2709,9,99,TEMP,72,UNT,TRUE,FALSE,FALSE,FALSE,99,Lincoln Financial Field,Philadelphia,Pennsylvania,Saturday Morning
7,2709,9,100,TENN,63,MSST,TRUE,FALSE,FALSE,FALSE,100,Neyland Stadium,Knoxville,Tennessee,Saturday Morning
7,2709,9,112,CONN,21,CINC,FALSE,FALSE,FALSE,FALSE,112,Pratt & Whitney Stadium at Rentschler Field,Storrs,Connecticut,Saturday Morning
7,2709,9,120,VAND,34,UGA,TRUE,FALSE,FALSE,FALSE,120,Vanderbilt Stadium,Nashville,Tennessee,Saturday Morning
7,2709,9,126,WVU,6,AZST,TRUE,FALSE,FALSE,FALSE,126,Mountaineer Field at Milan Puskar Stadium,Morgantown,West Virginia,Saturday Morning
7,2709,9,173,YALE,167,COLU,TRUE,FALSE,FALSE,FALSE,173,Yale Bowl,New Haven,CT,Saturday Morning
7,2709,9,178,UTC,182,VMI,TRUE,FALSE,FALSE,FALSE,178,Finley Stadium,Chattanooga,TN,Saturday Morning
7,2709,9,193,MSVU,188,AAMU,TRUE,TRUE,FALSE,FALSE,193,Rice-Totten Stadium,Itta Bena,MS,Saturday Morning
7,2709,9,194,JXST,184,BCU,TRUE,TRUE,FALSE,FALSE,194,Mississippi Veterans Memorial Stadium,Jackson,MS,Saturday Morning
7,2709,9,197,WEBB,196,EIU,TRUE,FALSE,FALSE,FALSE,222,Ernest W. Spangler Stadium,Boiling Springs,NC,Saturday Morning
7,2709,9,218,W&M,222,HOW,FALSE,FALSE,FALSE,FALSE,243,Water J. Zable Stadium,Williamsburg,VA,Saturday Morning
7,2709,9,229,LIU,227,CCSU,TRUE,FALSE,FALSE,FALSE,254,Bethpage Federal Credit Union Stadium,Brooklyn,NY,Saturday Morning
7,2709,9,5,ZONA,29,FIU,FALSE,FALSE,FALSE,FALSE,5,Arizona Stadium,Tucson,Arizona,Saturday Night
7,2709,9,42,IOWA,111,UCLA,TRUE,FALSE,FALSE,FALSE,42,Kinnick Stadium,Iowa City,Iowa,Saturday Night
7,2709,9,45,KSST,84,PNST,FALSE,FALSE,FALSE,FALSE,45,Bill Snyder Family Football Stadium,Manhattan,Kansas,Saturday Night
7,2709,9,50,ULM,54,MRSH,TRUE,FALSE,FALSE,FALSE,50,Joe Aillet Stadium,Monroe,Louisiana,Saturday Night
7,2709,9,62,MINN,67,NEB,TRUE,FALSE,TRUE,FALSE,62,TCF Bank Stadium,Minneapolis,Minnesota,Saturday Night
7,2709,9,64,MIZZ,53,LSU,TRUE,FALSE,FALSE,FALSE,64,Faurot Field at Memorial Stadium,Columbia,Missouri,Saturday Night
7,2709,9,89,SDSU,25,CSU,TRUE,FALSE,FALSE,FALSE,89,SDCCU Stadium,San Diego,California,Saturday Night
7,2709,9,90,SJSU,116,UTEP,TRUE,FALSE,FALSE,FALSE,90,CEFCU Stadium,San Jose,California,Saturday Night
7,2709,9,103,TXST,13,BOIS,TRUE,FALSE,FALSE,FALSE,103,Jim Wacker Field at Bobcat Stadium,San Marcos,Texas,Saturday Night
7,2709,9,107,TLNE,9,ARMY,TRUE,FALSE,FALSE,FALSE,107,Barry B. Benson Field at Yulman Stadium,New Orleans,Louisiana,Saturday Night
7,2709,9,133,SHSU,206,DEL,TRUE,FALSE,FALSE,FALSE,133,Bowers Stadium,Huntsville,Texas,Saturday Night
7,2709,9,142,UND,141,SIU,TRUE,FALSE,FALSE,FALSE,142,Alerus Center,Grand Forks,ND,Saturday Night
7,2709,9,162,UNCO,163,PRST,TRUE,FALSE,FALSE,FALSE,162,Nottingham Field,Greeley,CO,Saturday Night
7,2709,9,183,GRAM,138,MOST,FALSE,FALSE,FALSE,FALSE,183,Eddie G. Robinson Memorial Stadium,Grambling,LA,Saturday Night
7,2709,9,11,BALL,223,MORG,FALSE,FALSE,FALSE,FALSE,11,Scheumann Stadium,Muncie,Indiana,Thursday Night
7,2709,9,22,CLEM,18,CAL,TRUE,FALSE,FALSE,FALSE,22,Frank Howard Field at Clemson Memorial Stadium,Clemson,South Carolina,Thursday Night
7,2709,9,27,ECU,31,FAU,TRUE,FALSE,FALSE,FALSE,27,Bagwell Field at Dowdy-Ficklen Stadium,Greenville,North Carolina,Thursday Night
7,2709,9,30,FLA,125,WAST,FALSE,FALSE,FALSE,FALSE,0,Steve Spurrier-Florida Field at Ben Hill Griffin Stadium,Gainesville,Florida,Thursday Night
7,2709,9,39,UHOU,185,PV,FALSE,FALSE,FALSE,FALSE,0,John O'Quinn Field at TDECU Stadium,Houston,Texas,Thursday Night
7,2709,9,57,MIAF,123,WAKE,TRUE,FALSE,FALSE,FALSE,57,Hard Rock Stadium,Coral Gables,Florida,Thursday Night
7,2709,9,58,MIAO,16,BUFF,TRUE,FALSE,FALSE,FALSE,58,Fred C. Yager Stadium,Oxford,Ohio,Thursday Night
7,2709,9,75,Notre Dame,118,Utah,FALSE,FALSE,FALSE,FALSE,0,Notre Dame Stadium,South Bend,Indiana,Thursday Night
7,2709,9,76,OHIO,46,KENT,TRUE,FALSE,FALSE,FALSE,76,Peden Stadium,Athens,Ohio,Thursday Night
7,2709,9,77,OHST,55,UMD,TRUE,FALSE,FALSE,FALSE,77,Ohio Stadium,Columbus,Ohio,Thursday Night
7,2709,9,81,MISS,250,NICH,FALSE,FALSE,FALSE,FALSE,0,Vaught-Hemingway Stadium at Hollingsworth Field,Oxford,Mississippi,Thursday Night
7,2709,9,92,USA,51,LT,TRUE,TRUE,FALSE,FALSE,92,Ladd-Peebles Stadium,Mobile,Alabama,Thursday Night
7,2709,9,95,USM,8,ARST,TRUE,TRUE,FALSE,FALSE,95,Carlisle-Faulkner Field at M.M. Roberts Stadium,Hattiesburg,Mississippi,Thursday Night
7,2709,9,106,TROY,49,ULL,TRUE,TRUE,FALSE,FALSE,106,Veterans Memorial Stadium at Larry Blakeney Field,Troy,Alabama,Thursday Night
7,2709,9,122,VT,91,SMU,TRUE,FALSE,FALSE,FALSE,122,Worsham Field at Lane Stadium,Blacksburg,Virginia,Thursday Night
7,2709,9,135,YSU,140,UNI,TRUE,FALSE,FALSE,FALSE,135,Stambaugh Stadium,Youngstown,OH,Thursday Night
7,2709,9,147,BUCK,214,RICH,TRUE,FALSE,FALSE,FALSE,147,Christy Mathewson-Memorial Stadium,Lewisburg,PA,Thursday Night
7,2709,9,149,HC,148,COLG,TRUE,FALSE,FALSE,FALSE,149,Fitton Field,Worcester,MA,Thursday Night
7,2709,9,150,LAF,152,FOR,TRUE,FALSE,FALSE,FALSE,150,Fisher Stadium,Easton,PA,Thursday Night
7,2709,9,158,IDST,154,UCD,TRUE,FALSE,FALSE,FALSE,158,Holt Arena,Pocatello,ID,Thursday Night
7,2709,9,166,BRWN,172,PRIN,TRUE,FALSE,FALSE,FALSE,166,Brown Stadium,Providence,RI,Thursday Night
7,2709,9,168,COR,169,DART,TRUE,FALSE,TRUE,FALSE,168,Schoellkopf Field,Ithaca,NY,Thursday Night
7,2709,9,170,PENN,171,HARV,TRUE,FALSE,TRUE,FALSE,170,Franklin Field,Philadelphia,PA,Thursday Night
7,2709,9,174,FUR,179,ETSU,TRUE,FALSE,FALSE,FALSE,174,Paladin Stadium,Greenville,SC,Thursday Night
7,2709,9,177,WOF,245,VAL,FALSE,FALSE,FALSE,FALSE,177,Gibbs Stadium,Spartanburg,SC,Thursday Night
7,2709,9,181,MER,175,SAM,TRUE,FALSE,FALSE,FALSE,181,Five Star Stadium,Macon,GA,Thursday Night
7,2709,9,190,FAMU,187,SOU,TRUE,FALSE,FALSE,FALSE,190,Bragg Memorial Stadium,Tallahassee,FL,Thursday Night
7,2709,9,205,CAMP,216,TOW,TRUE,FALSE,FALSE,FALSE,230,Barker-Lane Stadium,Buies Creek,NC,Thursday Night
7,2709,9,207,ELON,209,ME,TRUE,FALSE,FALSE,FALSE,232,Rhodes Stadium,Elon,NC,Thursday Night
7,2709,9,208,HAMP,213,URI,TRUE,FALSE,FALSE,FALSE,233,Armstrong Stadium,Hampton,VA,Thursday Night
7,2709,9,212,NCAT,204,BRY,TRUE,FALSE,FALSE,FALSE,237,Truist Stadium,Greensboro,NC,Thursday Night
7,2709,9,215,STBK,268,SAMO,FALSE,FALSE,FALSE,FALSE,240,Kenneth P. LaValle Stadium,Stony Brook,NY,Thursday Night
7,2709,9,219,MRMK,145,SDAK,FALSE,FALSE,FALSE,FALSE,244,Duane Stadium,North Andover,MA,Thursday Night
7,2709,9,221,DSU,226,SCST,TRUE,FALSE,FALSE,FALSE,246,Alumni Stadium,Dover,DE,Thursday Night
7,2709,9,224,NORF,225,NCCU,TRUE,FALSE,FALSE,FALSE,249,"William ""Dick"" Price Stadium",Norfolk,VA,Thursday Night
7,2709,9,228,DUQ,230,MRCY,TRUE,FALSE,FALSE,FALSE,253,Arthur J. Rooney Athletic Field,Pittsburgh,PA,Thursday Night
7,2709,9,232,SFPA,195,CHSO,FALSE,FALSE,FALSE,FALSE,257,DeGol Field,Loretto,PA,Thursday Night
7,2709,9,239,MRST,235,BUT,TRUE,FALSE,FALSE,FALSE,264,Leonidoff Field,Poughkeepsie,NY,Thursday Night
7,2709,9,240,MORE,244,STET,TRUE,FALSE,FALSE,FALSE,265,Jayne Stadium,Morehead,KY,Thursday Night
7,2709,9,241,PRE,237,DAY,TRUE,FALSE,FALSE,FALSE,266,Bailey Memorial Stadium,Clinton,SC,Thursday Night
7,2710,10,1,USAF,69,UNM,TRUE,FALSE,FALSE,FALSE,1,Falcon Stadium,Colorado Springs,Colorado,Friday Night
7,2710,10,5,ZONA,256,APSU,FALSE,FALSE,FALSE,FALSE,5,Arizona Stadium,Tucson,Arizona,Friday Night
7,2710,10,70,NMSU,134,KNSW,TRUE,FALSE,FALSE,FALSE,70,Aggie Memorial Stadium,Las Cruces,New Mexico,Friday Night
7,2710,10,78,OKLA,34,UGA,TRUE,FALSE,FALSE,FALSE,78,Gaylord Family - Oklahoma Memorial Stadium at Owen Field,Norman,Oklahoma,Friday Night
7,2710,10,83,ORST,25,CSU,TRUE,FALSE,FALSE,FALSE,83,Reser Stadium,Corvallis,Oregon,Friday Night
7,2710,10,107,TLNE,31,FAU,TRUE,FALSE,FALSE,FALSE,107,Barry B. Benson Field at Yulman Stadium,New Orleans,Louisiana,Friday Night
7,2710,10,125,WAST,103,TXST,TRUE,FALSE,FALSE,FALSE,125,Martin Stadium,Pullman,Washington,Friday Night
7,2710,10,129,WISC,42,IOWA,TRUE,FALSE,TRUE,FALSE,129,Camp Randall Stadium,Madison,Wisconsin,Friday Night
7,2710,10,130,WYOM,73,NIU,TRUE,FALSE,FALSE,FALSE,130,Jonah Field at War Memorial Stadium,Laramie,Wyoming,Friday Night
7,2710,10,138,MOST,29,FIU,TRUE,FALSE,FALSE,FALSE,138,Robert W. Plaster Stadium,Springfield,MO,Friday Night
7,2710,10,141,SIU,140,UNI,TRUE,FALSE,FALSE,FALSE,141,Saluki Stadium,Carbondale,IL,Friday Night
7,2710,10,145,SDAK,137,ILST,TRUE,FALSE,FALSE,FALSE,145,DakotaDome,Vermillion,SD,Friday Night
7,2710,10,146,WIU,195,CHSO,TRUE,FALSE,FALSE,FALSE,146,Hanson Field,Macomb,IL,Friday Night
7,2710,10,159,MONT,161,NAU,TRUE,FALSE,FALSE,FALSE,159,Washington-Grizzly Stadium,Missoula,MT,Friday Night
7,2710,10,162,UNCO,156,EWU,TRUE,FALSE,FALSE,FALSE,162,Nottingham Field,Greeley,CO,Friday Night
7,2710,10,187,SOU,186,ALCN,TRUE,TRUE,FALSE,FALSE,187,A.W. Mumford Stadium,Baton Rouge,LA,Friday Night
7,2710,10,196,EIU,199,SEMO,TRUE,FALSE,FALSE,FALSE,221,O'Brien Field,Charleston,IL,Friday Night
7,2710,10,238,DRKE,239,MRST,TRUE,FALSE,FALSE,FALSE,263,Drake Stadium,Des Moines,IA,Friday Night
7,2710,10,243,STMN,237,DAY,TRUE,FALSE,FALSE,FALSE,268,O'Shaughnessy Stadium,Saint Paul,MN,Friday Night
7,2710,10,250,NICH,248,LAM,TRUE,FALSE,FALSE,FALSE,275,Manning Field at John L. Guidry Stadium,Thibodaux,LA,Friday Night
7,2710,10,20,CHAR,65,NAVY,TRUE,FALSE,FALSE,FALSE,20,McColl-Richardson Field at Jerry Richardson Stadium,Charlotte,North Carolina,Saturday Afternoon
7,2710,10,23,CCU,36,GAST,TRUE,TRUE,FALSE,FALSE,23,Brooks Stadium,Conway,South Carolina,Saturday Afternoon
7,2710,10,27,ECU,87,RICE,TRUE,FALSE,FALSE,FALSE,27,Bagwell Field at Dowdy-Ficklen Stadium,Greenville,North Carolina,Saturday Afternoon
7,2710,10,41,IND,74,NW,TRUE,FALSE,FALSE,FALSE,41,Memorial Stadium,Bloomington,Indiana,Saturday Afternoon
7,2710,10,48,LU,127,WKU,TRUE,FALSE,FALSE,FALSE,48,Arthur L. Williams Stadium,Lynchburg,Virginia,Saturday Afternoon
7,2710,10,63,MSST,93,SOCA,TRUE,FALSE,FALSE,FALSE,63,Davis Wade Stadium at Scott Field,Starkville,Mississippi,Saturday Afternoon
7,2710,10,75,ND,59,MICH,FALSE,FALSE,TRUE,FALSE,75,Notre Dame Stadium,South Bend,Indiana,Saturday Afternoon
7,2710,10,77,OHST,40,ILLI,TRUE,FALSE,TRUE,FALSE,77,Ohio Stadium,Columbus,Ohio,Saturday Afternoon
7,2710,10,79,OKST,45,KSST,TRUE,FALSE,FALSE,FALSE,79,Boone Pickens Stadium,Stillwater,Oklahoma,Saturday Afternoon
7,2710,10,86,PURD,111,UCLA,TRUE,FALSE,FALSE,FALSE,86,Ross-Ade Stadium,West Lafayette,Indiana,Saturday Afternoon
7,2710,10,94,USF,117,UTSA,TRUE,FALSE,FALSE,FALSE,94,Raymond James Stadium,Tampa,Florida,Saturday Afternoon
7,2710,10,95,USM,49,ULL,TRUE,TRUE,FALSE,FALSE,95,Carlisle-Faulkner Field at M.M. Roberts Stadium,Hattiesburg,Mississippi,Saturday Afternoon
7,2710,10,98,TCU,24,COLO,TRUE,FALSE,FALSE,FALSE,98,Amon G. Carter Stadium,Fort Worth,Texas,Saturday Afternoon
7,2710,10,112,CONN,10,AUB,FALSE,FALSE,FALSE,FALSE,112,Pratt & Whitney Stadium at Rentschler Field,Storrs,Connecticut,Saturday Afternoon
7,2710,10,116,UTEP,38,HAWI,TRUE,FALSE,FALSE,FALSE,116,Sun Bowl Stadium,El Paso,Texas,Saturday Afternoon
7,2710,10,119,UTST,33,FRES,TRUE,FALSE,FALSE,FALSE,119,Merlin Olsen Field at Maverik Stadium,Logan,Utah,Saturday Afternoon
7,2710,10,126,WVU,12,BAYL,TRUE,FALSE,FALSE,FALSE,126,Mountaineer Field at Milan Puskar Stadium,Morgantown,West Virginia,Saturday Afternoon
7,2710,10,185,PV,189,UAPB,TRUE,TRUE,FALSE,FALSE,185,Blackshear Field,Prairie View,TX,Saturday Afternoon
7,2710,10,220,SHU,212,NCAT,TRUE,FALSE,FALSE,FALSE,245,Campus Field,Fairfield,CT,Saturday Afternoon
7,2710,10,225,NCCU,165,WEB,FALSE,FALSE,FALSE,FALSE,250,O'Kelly-Riddick Stadium,Durham,NC,Saturday Afternoon
7,2710,10,231,RMU,230,MRCY,TRUE,FALSE,FALSE,FALSE,256,Joe Walton Stadium,Moon Township,PA,Saturday Afternoon
7,2710,10,234,WAG,149,HC,FALSE,FALSE,FALSE,FALSE,259,Wagner College Stadium,Staten Island,NY,Saturday Afternoon
7,2710,10,264,UWG,262,TAR,TRUE,FALSE,FALSE,FALSE,289,University Stadium,Carrollton,GA,Saturday Afternoon
7,2710,10,269,UWF,259,UNA,TRUE,FALSE,FALSE,FALSE,294,Darrell Gooden Stadium,Pensacola,FL,Saturday Afternoon
7,2710,10,270,MARQ,88,RUTG,FALSE,FALSE,FALSE,FALSE,295,Marquette Stadium,Milwaukee,WI,Saturday Afternoon
7,2710,10,21,CINC,43,IAST,TRUE,FALSE,FALSE,FALSE,21,Nippert Stadium,Cincinnati,Ohio,Saturday Evening
7,2710,10,51,LT,80,ODU,TRUE,FALSE,FALSE,FALSE,51,JPS Field at Malone Stadium,Ruston,Louisiana,Saturday Evening
7,2710,10,53,LSU,100,TENN,TRUE,FALSE,FALSE,FALSE,53,Tiger Stadium,Baton Rouge,Louisiana,Saturday Evening
7,2710,10,55,UMD,84,PNST,TRUE,FALSE,TRUE,FALSE,55,Capital One Field at Maryland Stadium,College Park,Maryland,Saturday Evening
7,2710,10,72,UNT,56,MEMP,TRUE,FALSE,FALSE,FALSE,72,Apogee Stadium,Denton,Texas,Saturday Evening
7,2710,10,82,OREG,62,MINN,TRUE,FALSE,FALSE,FALSE,82,Autzen Stadium,Eugene,Oregon,Saturday Evening
7,2710,10,90,SJSU,68,NEV,TRUE,FALSE,FALSE,FALSE,90,CEFCU Stadium,San Jose,California,Saturday Evening
7,2710,10,108,TULS,109,UAB,TRUE,FALSE,FALSE,FALSE,108,Skelly Field at H. A. Chapman Stadium,Tulsa,Oklahoma,Saturday Evening
7,2710,10,115,USC,60,MIST,TRUE,FALSE,FALSE,FALSE,115,Los Angeles Memorial Coliseum,Los Angeles,California,Saturday Evening
7,2710,10,144,SDST,142,UND,TRUE,FALSE,FALSE,FALSE,144,Dana J. Dykhouse Stadium,Brookings,SD,Saturday Evening
7,2710,10,164,SSU,76,OHIO,TRUE,FALSE,FALSE,FALSE,164,Hornet Stadium,Sacramento,CA,Saturday Evening
7,2710,10,252,SELA,249,MCN,TRUE,FALSE,FALSE,FALSE,277,Strawberry Stadium,Hammond,LA,Saturday Evening
7,2710,10,255,ACU,257,CARK,TRUE,FALSE,FALSE,FALSE,280,Anthony Field at Wildcat Stadium,Abilene,TX,Saturday Evening
7,2710,10,263,UTU,160,MTST,TRUE,FALSE,FALSE,FALSE,288,Greater Zion STadium,St. George,UT,Saturday Evening
7,2710,10,265,CHST,227,CCSU,TRUE,FALSE,FALSE,FALSE,290,SeatGeek Stadium,Chicago,IL,Saturday Evening
7,2710,10,22,CLEM,85,PITT,TRUE,FALSE,FALSE,FALSE,22,Frank Howard Field at Clemson Memorial Stadium,Clemson,South Carolina,Saturday Morning
7,2710,10,37,GT,91,SMU,TRUE,FALSE,FALSE,FALSE,37,Bobby Dodd Stadium at Historic Grant Field,Atlanta,Georgia,Saturday Morning
7,2710,10,54,MRSH,35,GASO,TRUE,TRUE,FALSE,FALSE,54,Joan C. Edwards Stadium,Huntington,West Virginia,Saturday Morning
7,2710,10,71,UNC,18,CAL,TRUE,FALSE,FALSE,FALSE,71,Kenan Memorial Stadium,Chapel Hill,North Carolina,Saturday Morning
7,2710,10,92,USA,8,ARST,TRUE,TRUE,FALSE,FALSE,92,Ladd-Peebles Stadium,Mobile,Alabama,Saturday Morning
7,2710,10,113,MASS,11,BALL,TRUE,FALSE,FALSE,FALSE,113,Warren McGuirk Alumni Stadium,Amherst,Massachusetts,Saturday Morning
7,2710,10,120,VAND,7,ARK,TRUE,FALSE,FALSE,FALSE,120,Vanderbilt Stadium,Nashville,Tennessee,Saturday Morning
7,2710,10,152,FOR,245,VAL,FALSE,FALSE,FALSE,FALSE,152,Jack Coffey Field,Bronx,NY,Saturday Morning
7,2710,10,166,BRWN,19,CMU,FALSE,FALSE,FALSE,FALSE,166,Brown Stadium,Providence,RI,Saturday Morning
7,2710,10,172,PRIN,168,COR,TRUE,FALSE,FALSE,FALSE,172,Princeton Stadium,Princeton,NJ,Saturday Morning
7,2710,10,174,FUR,176,CIT,TRUE,FALSE,TRUE,FALSE,174,Paladin Stadium,Greenville,SC,Saturday Morning
7,2710,10,180,WCU,175,SAM,TRUE,FALSE,FALSE,FALSE,180,EJ Whitmire Stadium,Cullowhee,NC,Saturday Morning
7,2710,10,182,VMI,201,TNTC,TRUE,FALSE,FALSE,FALSE,182,Foster Stadium,Lexington,VA,Saturday Morning
7,2710,10,207,ELON,203,ALB,TRUE,FALSE,FALSE,FALSE,232,Rhodes Stadium,Elon,NC,Saturday Morning
7,2710,10,208,HAMP,219,MRMK,FALSE,FALSE,FALSE,FALSE,233,Armstrong Stadium,Hampton,VA,Saturday Morning
7,2710,10,214,RICH,218,W&M,TRUE,FALSE,TRUE,FALSE,239,E. Claiborne Robins Stadium,Richmond,VA,Saturday Morning
7,2710,10,215,STBK,204,BRY,TRUE,FALSE,FALSE,FALSE,240,Kenneth P. LaValle Stadium,Stony Brook,NY,Saturday Morning
7,2710,10,223,MORG,171,HARV,FALSE,FALSE,FALSE,FALSE,248,Hughes Stadium,Baltimore,MD,Saturday Morning
7,2710,10,229,LIU,233,STO,TRUE,FALSE,FALSE,FALSE,254,Bethpage Federal Credit Union Stadium,Brooklyn,NY,Saturday Morning
7,2710,10,236,DAV,240,MORE,TRUE,FALSE,FALSE,FALSE,261,Richardson Stadium,Davidson,NC,Saturday Morning
7,2710,10,244,STET,235,BUT,TRUE,FALSE,FALSE,FALSE,269,Spec Martin Memorial Stadium,DeLand,FL,Saturday Morning
7,2710,10,44,KANS,6,AZST,TRUE,FALSE,FALSE,FALSE,44,David Booth Kansas Memorial Stadium,Lawrence,Kansas,Saturday Night
7,2710,10,89,SDSU,13,BOIS,TRUE,FALSE,FALSE,FALSE,89,SDCCU Stadium,San Diego,California,Saturday Night
7,2710,10,96,STAN,14,BC,TRUE,FALSE,FALSE,FALSE,96,Stanford Stadium,Stanford,California,Saturday Night
7,2710,10,102,TAMU,47,UKEN,TRUE,FALSE,FALSE,FALSE,102,Kyle Field,College Station,Texas,Saturday Night
7,2710,10,118,UTAH,110,UCF,TRUE,FALSE,FALSE,FALSE,118,Rice-Eccles Stadium,Salt Lake City,Utah,Saturday Night
7,2710,10,124,WASH,67,NEB,TRUE,FALSE,FALSE,FALSE,124,Alaska Airlines Field at Husky Stadium,Seattle,Washington,Saturday Night
7,2710,10,133,SHSU,61,MTSU,TRUE,FALSE,FALSE,FALSE,133,Bowers Stadium,Huntsville,Texas,Saturday Night
7,2710,10,154,UCD,157,IDHO,TRUE,FALSE,FALSE,FALSE,154,UC Davis Health Stadium,Davis,CA,Saturday Night
7,2710,10,192,TXSO,183,GRAM,TRUE,TRUE,FALSE,FALSE,192,PNC Stadium,Houston,TX,Saturday Night
7,2710,10,242,USD,241,PRE,TRUE,FALSE,FALSE,FALSE,267,Torero Stadium,San Diego,CA,Saturday Night
7,2710,10,246,HCU,254,RGV,TRUE,FALSE,FALSE,FALSE,271,Husky Stadium,Houston,TX,Saturday Night
7,2710,10,251,NWST,232,SFPA,FALSE,FALSE,FALSE,FALSE,276,Harry Turpin Stadium,Natchitotches,LA,Saturday Night
7,2710,10,253,ETAM,247,UIW,TRUE,FALSE,FALSE,FALSE,278,Ernest Hawkins Field at Memorial Stadium,Commerce,TX,Saturday Night
7,2710,10,268,SAMO,194,JXST,FALSE,FALSE,FALSE,FALSE,293,Veterans Memorial Stadium,Pago Pago,AS,Saturday Night
7,2710,10,2,AKRN,105,TLDO,TRUE,FALSE,FALSE,FALSE,2,InfoCision Stadium-Summa Field,Akron,Ohio,Thursday Night
7,2710,10,3,BAMA,101,TEX,TRUE,FALSE,FALSE,FALSE,3,Bryant-Denny Stadium,Tuscaloosa,Alabama,Thursday Night
7,2710,10,26,DUKE,66,NCST,TRUE,FALSE,TRUE,FALSE,26,Brooks Field at Wallace Wade Stadium,Durham,North Carolina,Thursday Night
7,2710,10,28,EMU,15,BGSU,TRUE,FALSE,FALSE,FALSE,28,Rynearson Stadium,Ypsilanti,Michigan,Thursday Night
7,2710,10,46,KENT,16,BUFF,TRUE,FALSE,FALSE,FALSE,46,Dix Stadium,Kent,Ohio,Thursday Night
7,2710,10,52,LOU,57,MIAF,TRUE,FALSE,TRUE,FALSE,52,Cardinal Stadium,Louisville,Kentucky,Thursday Night
7,2710,10,81,MISS,64,MIZZ,TRUE,FALSE,FALSE,FALSE,81,Vaught-Hemingway Stadium at Hollingsworth Field,Oxford,Mississippi,Thursday Night
7,2710,10,97,CUSE,121,UVA,TRUE,FALSE,FALSE,FALSE,97,Carrier Dome,Syracuse,New York,Thursday Night
7,2710,10,99,TEMP,9,ARMY,TRUE,FALSE,FALSE,FALSE,99,Lincoln Financial Field,Philadelphia,Pennsylvania,Thursday Night
7,2710,10,106,TROY,50,ULM,TRUE,TRUE,FALSE,FALSE,106,Veterans Memorial Stadium at Larry Blakeney Field,Troy,Alabama,Thursday Night
7,2710,10,114,UNLV,143,NDSU,TRUE,FALSE,FALSE,FALSE,114,Allegient Stadium,Las Vegas,Nevada,Thursday Night
7,2710,10,123,WAKE,32,FSU,TRUE,FALSE,FALSE,FALSE,123,BB&T Field,Winston-Salem,North Carolina,Thursday Night
7,2710,10,128,WMU,58,MIAO,TRUE,FALSE,FALSE,FALSE,128,Waldo Stadium,Kalamazoo,Michigan,Thursday Night
7,2710,10,131,JMU,4,APST,TRUE,TRUE,FALSE,FALSE,131,Bridgeforth Stadium,Harrisonburg,Virginia,Thursday Night
7,2710,10,132,JST,206,DEL,TRUE,FALSE,FALSE,FALSE,132,Burgess-Snow Field at JSU Stadium,Jacksonville,Alabama,Thursday Night
7,2710,10,135,YSU,139,MUR,TRUE,FALSE,FALSE,FALSE,135,Stambaugh Stadium,Youngstown,OH,Thursday Night
7,2710,10,136,INST,261,SFA,FALSE,FALSE,FALSE,FALSE,136,Memorial Stadium,Terre Haute,IN,Thursday Night
7,2710,10,147,BUCK,217,VILL,TRUE,FALSE,FALSE,FALSE,147,Christy Mathewson-Memorial Stadium,Lewisburg,PA,Thursday Night
7,2710,10,150,LAF,151,LEH,TRUE,FALSE,TRUE,FALSE,150,Fisher Stadium,Easton,PA,Thursday Night
7,2710,10,153,GEOT,148,COLG,TRUE,FALSE,FALSE,FALSE,153,Cooper Field,Washington,DC,Thursday Night
7,2710,10,158,IDST,260,SUU,TRUE,FALSE,FALSE,FALSE,158,Holt Arena,Pocatello,ID,Thursday Night
7,2710,10,163,PRST,155,CP,TRUE,FALSE,FALSE,FALSE,163,Hillsboro Stadium,Portland,OR,Thursday Night
7,2710,10,169,DART,167,COLU,TRUE,FALSE,FALSE,FALSE,169,Memorial Field,Hanover,NH,Thursday Night
7,2710,10,170,PENN,173,YALE,TRUE,FALSE,FALSE,FALSE,170,Franklin Field,Philadelphia,PA,Thursday Night
7,2710,10,177,WOF,178,UTC,TRUE,FALSE,FALSE,FALSE,177,Gibbs Stadium,Spartanburg,SC,Thursday Night
7,2710,10,184,BCU,193,MSVU,TRUE,TRUE,FALSE,FALSE,184,Daytona Stadium,Daytona Beach,FL,Thursday Night
7,2710,10,188,AAMU,191,ALST,TRUE,TRUE,TRUE,FALSE,188,Louis Crews Stadium,Huntsville,AL,Thursday Night
7,2710,10,190,FAMU,267,UOG,FALSE,FALSE,FALSE,FALSE,190,Bragg Memorial Stadium,Tallahassee,FL,Thursday Night
7,2710,10,197,WEBB,198,LIN,TRUE,FALSE,FALSE,FALSE,222,Ernest W. Spangler Stadium,Boiling Springs,NC,Thursday Night
7,2710,10,200,TNST,202,UTM,TRUE,FALSE,TRUE,FALSE,225,Hale Stadium,Nashville,TN,Thursday Night
7,2710,10,205,CAMP,211,UNH,TRUE,FALSE,FALSE,FALSE,230,Barker-Lane Stadium,Buies Creek,NC,Thursday Night
7,2710,10,210,MONM,209,ME,TRUE,FALSE,FALSE,FALSE,235,Kessler Field,West Long Branch,NJ,Thursday Night
7,2710,10,213,URI,216,TOW,TRUE,FALSE,FALSE,FALSE,238,Meade Stadium,Kingston,RI,Thursday Night
7,2710,10,222,HOW,221,DSU,TRUE,FALSE,FALSE,FALSE,247,William H. Greene Stadium,Washington,DC,Thursday Night
7,2710,10,224,NORF,226,SCST,TRUE,FALSE,FALSE,FALSE,249,"William ""Dick"" Price Stadium",Norfolk,VA,Thursday Night
7,2710,10,258,EKU,179,ETSU,FALSE,FALSE,FALSE,FALSE,283,Roy Kidd Stadium,Richmond,KY,Thursday Night
7,2710,10,266,NHU,228,DUQ,TRUE,FALSE,FALSE,FALSE,291,Ralph F. DellaCamera Stadium,New Haven,CT,Thursday Night
7,2711,11,12,BAYL,44,KANS,TRUE,FALSE,FALSE,FALSE,12,McLane Stadium,Waco,Texas,Friday Night
7,2711,11,38,HAWI,69,UNM,TRUE,FALSE,FALSE,FALSE,38,Aloha Stadium,Honolulu,Hawai'i,Friday Night
7,2711,11,39,UHOU,45,KSST,TRUE,FALSE,FALSE,FALSE,39,John O'Quinn Field at TDECU Stadium,Houston,Texas,Friday Night
7,2711,11,49,ULL,92,USA,TRUE,TRUE,FALSE,FALSE,49,Cajun Field,Lafayette,Louisiana,Friday Night
7,2711,11,50,ULM,95,USM,TRUE,TRUE,FALSE,FALSE,50,Joe Aillet Stadium,Monroe,Louisiana,Friday Night
7,2711,11,51,LT,8,ARST,TRUE,TRUE,FALSE,FALSE,51,JPS Field at Malone Stadium,Ruston,Louisiana,Friday Night
7,2711,11,82,OREG,67,NEB,TRUE,FALSE,FALSE,FALSE,82,Autzen Stadium,Eugene,Oregon,Friday Night
7,2711,11,101,TEX,93,SOCA,TRUE,FALSE,FALSE,FALSE,101,Darrell K Royal-Texas Memorial Stadium,Austin,Texas,Friday Night
7,2711,11,103,TXST,89,SDSU,TRUE,FALSE,FALSE,FALSE,103,Jim Wacker Field at Bobcat Stadium,San Marcos,Texas,Friday Night
7,2711,11,107,TLNE,72,UNT,TRUE,FALSE,FALSE,FALSE,107,Barry B. Benson Field at Yulman Stadium,New Orleans,Louisiana,Friday Night
7,2711,11,115,USC,40,ILLI,TRUE,FALSE,FALSE,FALSE,115,Los Angeles Memorial Coliseum,Los Angeles,California,Friday Night
7,2711,11,116,UTEP,73,NIU,TRUE,FALSE,FALSE,FALSE,116,Sun Bowl Stadium,El Paso,Texas,Friday Night
7,2711,11,129,WISC,41,IND,TRUE,FALSE,FALSE,FALSE,129,Camp Randall Stadium,Madison,Wisconsin,Friday Night
7,2711,11,138,MOST,80,ODU,FALSE,FALSE,FALSE,FALSE,138,Robert W. Plaster Stadium,Springfield,MO,Friday Night
7,2711,11,141,SIU,136,INST,TRUE,FALSE,FALSE,FALSE,141,Saluki Stadium,Carbondale,IL,Friday Night
7,2711,11,145,SDAK,144,SDST,TRUE,FALSE,TRUE,FALSE,145,DakotaDome,Vermillion,SD,Friday Night
7,2711,11,160,MTST,161,NAU,TRUE,FALSE,FALSE,FALSE,160,Bobcat Stadium,Bozeman,MT,Friday Night
7,2711,11,162,UNCO,263,UTU,TRUE,FALSE,FALSE,FALSE,162,Nottingham Field,Greeley,CO,Friday Night
7,2711,11,189,UAPB,183,GRAM,TRUE,TRUE,FALSE,FALSE,189,Simmons Bank Field,Pine Bluff,AR,Friday Night
7,2711,11,192,TXSO,187,SOU,TRUE,TRUE,FALSE,FALSE,192,PNC Stadium,Houston,TX,Friday Night
7,2711,11,196,EIU,200,TNST,TRUE,FALSE,FALSE,FALSE,221,O'Brien Field,Charleston,IL,Friday Night
7,2711,11,199,SEMO,146,WIU,TRUE,FALSE,FALSE,FALSE,224,Houck Stadium,Cape Girardeau,MO,Friday Night
7,2711,11,246,HCU,250,NICH,TRUE,FALSE,FALSE,FALSE,271,Husky Stadium,Houston,TX,Friday Night
7,2711,11,253,ETAM,254,RGV,TRUE,FALSE,FALSE,FALSE,278,Ernest Hawkins Field at Memorial Stadium,Commerce,TX,Friday Night
7,2711,11,262,TAR,257,CARK,TRUE,FALSE,FALSE,FALSE,287,Memorial Stadium,Stephenville,TX,Friday Night
7,2711,11,28,EMU,105,TLDO,TRUE,FALSE,FALSE,FALSE,28,Rynearson Stadium,Ypsilanti,Michigan,Saturday Afternoon
7,2711,11,37,GT,96,STAN,TRUE,FALSE,FALSE,FALSE,37,Bobby Dodd Stadium at Historic Grant Field,Atlanta,Georgia,Saturday Afternoon
7,2711,11,47,UKEN,3,BAMA,TRUE,FALSE,FALSE,FALSE,47,Kroger Field at C.M. Newton Grounds,Lexington,Kentucky,Saturday Afternoon
7,2711,11,55,UMD,86,PURD,TRUE,FALSE,FALSE,FALSE,55,Capital One Field at Maryland Stadium,College Park,Maryland,Saturday Afternoon
7,2711,11,58,MIAO,2,AKRN,TRUE,FALSE,FALSE,FALSE,58,Fred C. Yager Stadium,Oxford,Ohio,Saturday Afternoon
7,2711,11,66,NCST,85,PITT,TRUE,FALSE,FALSE,FALSE,66,Wayne Day Family Field at Carter-Finley Stadium,Raleigh,North Carolina,Saturday Afternoon
7,2711,11,78,OKLA,120,VAND,TRUE,FALSE,FALSE,FALSE,78,Gaylord Family - Oklahoma Memorial Stadium at Owen Field,Norman,Oklahoma,Saturday Afternoon
7,2711,11,104,TTU,118,UTAH,TRUE,FALSE,FALSE,FALSE,104,Jones AT&T Stadium,Lubbock,Texas,Saturday Afternoon
7,2711,11,117,UTSA,9,ARMY,TRUE,FALSE,FALSE,FALSE,117,Alamodome,San Antonio,Texas,Saturday Afternoon
7,2711,11,134,KNSW,206,DEL,TRUE,FALSE,FALSE,FALSE,134,Fifth Third Bank Stadium,Kennesaw,Georgia,Saturday Afternoon
7,2711,11,151,LEH,147,BUCK,TRUE,FALSE,FALSE,FALSE,151,Goodman Stadium,Bethlehem,PA,Saturday Afternoon
7,2711,11,171,HARV,166,BRWN,TRUE,FALSE,FALSE,FALSE,171,Harvard Stadium,Cambridge,MA,Saturday Afternoon
7,2711,11,175,SAM,176,CIT,TRUE,FALSE,FALSE,FALSE,175,Seibert Stadium,Homewood,AL,Saturday Afternoon
7,2711,11,178,UTC,179,ETSU,TRUE,FALSE,FALSE,FALSE,178,Finley Stadium,Chattanooga,TN,Saturday Afternoon
7,2711,11,182,VMI,270,MARQ,FALSE,FALSE,FALSE,FALSE,182,Foster Stadium,Lexington,VA,Saturday Afternoon
7,2711,11,191,ALST,184,BCU,TRUE,TRUE,FALSE,FALSE,191,New ASU Stadium,Montgomery,AL,Saturday Afternoon
7,2711,11,194,JXST,99,TEMP,FALSE,FALSE,FALSE,FALSE,194,Mississippi Veterans Memorial Stadium,Jackson,MS,Saturday Afternoon
7,2711,11,198,LIN,195,CHSO,TRUE,FALSE,FALSE,FALSE,223,Hunter STadium,St. Charles,MO,Saturday Afternoon
7,2711,11,220,SHU,211,UNH,TRUE,FALSE,FALSE,FALSE,245,Campus Field,Fairfield,CT,Saturday Afternoon
7,2711,11,230,MRCY,265,CHST,TRUE,FALSE,FALSE,FALSE,255,Saxon Stadium,Erie,PA,Saturday Afternoon
7,2711,11,237,DAY,242,USD,TRUE,FALSE,FALSE,FALSE,262,Welcome Stadium,Dayton,OH,Saturday Afternoon
7,2711,11,255,ACU,269,UWF,TRUE,FALSE,FALSE,FALSE,280,Anthony Field at Wildcat Stadium,Abilene,TX,Saturday Afternoon
7,2711,11,6,AZST,43,IAST,TRUE,FALSE,FALSE,FALSE,6,"Sun Devil Stadium, Frank Kush Field",Tempe,Arizona,Saturday Evening
7,2711,11,18,CAL,52,LOU,TRUE,FALSE,FALSE,FALSE,0,California Memorial Stadium,Berkeley,California,Saturday Evening
7,2711,11,21,CINC,17,BYU,TRUE,FALSE,FALSE,FALSE,21,Nippert Stadium,Cincinnati,Ohio,Saturday Evening
7,2711,11,34,UGA,63,MSST,TRUE,FALSE,FALSE,FALSE,34,Sanford Stadium,Athens,Georgia,Saturday Evening
7,2711,11,91,SMU,32,FSU,TRUE,FALSE,FALSE,FALSE,91,Gerald J. Ford Stadium,University Park,Texas,Saturday Evening
7,2711,11,98,TCU,79,OKST,TRUE,FALSE,FALSE,FALSE,98,Amon G. Carter Stadium,Fort Worth,Texas,Saturday Evening
7,2711,11,114,UNLV,90,SJSU,TRUE,FALSE,FALSE,FALSE,114,Allegient Stadium,Las Vegas,Nevada,Saturday Evening
7,2711,11,137,ILST,229,LIU,FALSE,FALSE,FALSE,FALSE,137,Hancock Stadium,Normal,IL,Saturday Evening
7,2711,11,142,UND,135,YSU,TRUE,FALSE,FALSE,FALSE,142,Alerus Center,Grand Forks,ND,Saturday Evening
7,2711,11,154,UCD,163,PRST,TRUE,FALSE,FALSE,FALSE,154,UC Davis Health Stadium,Davis,CA,Saturday Evening
7,2711,11,158,IDST,159,MONT,TRUE,FALSE,FALSE,FALSE,158,Holt Arena,Pocatello,ID,Saturday Evening
7,2711,11,238,DRKE,232,SFPA,FALSE,FALSE,FALSE,FALSE,263,Drake Stadium,Des Moines,IA,Saturday Evening
7,2711,11,247,UIW,249,MCN,TRUE,FALSE,FALSE,FALSE,272,Gayle and Tom Benson Stadium,San Antonio,TX,Saturday Evening
7,2711,11,248,LAM,251,NWST,TRUE,FALSE,FALSE,FALSE,273,Provost Umphrey Stadium,Beaumont,TX,Saturday Evening
7,2711,11,261,SFA,252,SELA,TRUE,FALSE,FALSE,FALSE,286,Homer Bryce Stadium,Nacogdoches,TX,Saturday Evening
7,2711,11,268,SAMO,123,WAKE,FALSE,FALSE,FALSE,FALSE,293,Veterans Memorial Stadium,Pago Pago,AS,Saturday Evening
7,2711,11,35,GASO,23,CCU,TRUE,TRUE,FALSE,FALSE,35,Allen E. Paulson Stadium,Statesboro,Georgia,Saturday Morning
7,2711,11,46,KENT,164,SSU,TRUE,FALSE,FALSE,FALSE,46,Dix Stadium,Kent,Ohio,Saturday Morning
7,2711,11,48,LU,133,SHSU,TRUE,FALSE,FALSE,FALSE,48,Arthur L. Williams Stadium,Lynchburg,Virginia,Saturday Morning
7,2711,11,56,MEMP,20,CHAR,TRUE,FALSE,FALSE,FALSE,56,Liberty Bowl Memorial Stadium,Memphis,Tennessee,Saturday Morning
7,2711,11,60,MIST,124,WASH,TRUE,FALSE,FALSE,FALSE,60,Spartan Stadium,East Lansing,Michigan,Saturday Morning
7,2711,11,65,NAVY,31,FAU,TRUE,FALSE,FALSE,FALSE,65,Navy-Marine Corps Memorial Stadium,Annapolis,Maryland,Saturday Morning
7,2711,11,109,UAB,27,ECU,TRUE,FALSE,FALSE,FALSE,109,Legion Field Stadium,Birmingham,Alabama,Saturday Morning
7,2711,11,110,UCF,5,ZONA,TRUE,FALSE,FALSE,FALSE,110,Bounce House,Orlando,Florida,Saturday Morning
7,2711,11,121,UVA,14,BC,TRUE,FALSE,FALSE,FALSE,121,David A. Harrison III Field at Scott Stadium,Charlottesville,Virginia,Saturday Morning
7,2711,11,122,VT,71,UNC,TRUE,FALSE,FALSE,FALSE,122,Worsham Field at Lane Stadium,Blacksburg,Virginia,Saturday Morning
7,2711,11,149,HC,150,LAF,TRUE,FALSE,FALSE,FALSE,149,Fitton Field,Worcester,MA,Saturday Morning
7,2711,11,152,FOR,148,COLG,TRUE,FALSE,FALSE,FALSE,152,Jack Coffey Field,Bronx,NY,Saturday Morning
7,2711,11,168,COR,167,COLU,TRUE,FALSE,FALSE,FALSE,168,Schoellkopf Field,Ithaca,NY,Saturday Morning
7,2711,11,181,MER,201,TNTC,TRUE,FALSE,FALSE,FALSE,181,Five Star Stadium,Macon,GA,Saturday Morning
7,2711,11,233,STO,228,DUQ,TRUE,FALSE,FALSE,FALSE,258,W.B. Mason Stadium,Easton,MA,Saturday Morning
7,2711,11,245,VAL,235,BUT,TRUE,FALSE,TRUE,FALSE,270,Brown Field,Valparaiso,IN,Saturday Morning
7,2711,11,256,APSU,264,UWG,TRUE,FALSE,FALSE,FALSE,281,Fortera Stadium,Clarksville,TN,Saturday Morning
7,2711,11,25,CSU,33,FRES,TRUE,FALSE,FALSE,FALSE,25,Sonny Lubick Field at Canvas Stadium,Fort Collins,Colorado,Saturday Night
7,2711,11,42,IOWA,59,MICH,TRUE,FALSE,FALSE,FALSE,42,Kinnick Stadium,Iowa City,Iowa,Saturday Night
7,2711,11,53,LSU,102,TAMU,TRUE,FALSE,TRUE,FALSE,53,Tiger Stadium,Baton Rouge,Louisiana,Saturday Night
7,2711,11,64,MIZZ,7,ARK,TRUE,FALSE,TRUE,FALSE,64,Faurot Field at Memorial Stadium,Columbia,Missouri,Saturday Night
7,2711,11,83,ORST,13,BOIS,TRUE,FALSE,FALSE,FALSE,83,Reser Stadium,Corvallis,Oregon,Saturday Night
7,2711,11,87,RICE,108,TULS,TRUE,FALSE,FALSE,FALSE,87,Rice Stadium,Houston,Texas,Saturday Night
7,2711,11,111,UCLA,77,OHST,TRUE,FALSE,FALSE,FALSE,111,Rose Bowl Stadium,Los Angeles,California,Saturday Night
7,2711,11,119,UTST,125,WAST,TRUE,FALSE,FALSE,FALSE,119,Merlin Olsen Field at Maverik Stadium,Logan,Utah,Saturday Night
7,2711,11,130,WYOM,143,NDSU,TRUE,FALSE,FALSE,FALSE,130,Jonah Field at War Memorial Stadium,Laramie,Wyoming,Saturday Night
7,2711,11,140,UNI,139,MUR,TRUE,FALSE,FALSE,FALSE,140,UNI-Dome,Cedar Falls,IA,Saturday Night
7,2711,11,155,CP,157,IDHO,TRUE,FALSE,FALSE,FALSE,155,Alex G. Spanos Stadium,San Luis Obispo,CA,Saturday Night
7,2711,11,156,EWU,260,SUU,TRUE,FALSE,FALSE,FALSE,156,Roos Field,Cheney,WA,Saturday Night
7,2711,11,243,STMN,240,MORE,TRUE,FALSE,FALSE,FALSE,268,O'Shaughnessy Stadium,Saint Paul,MN,Saturday Night
7,2711,11,1,USAF,68,NEV,TRUE,FALSE,FALSE,FALSE,1,Falcon Stadium,Colorado Springs,Colorado,Thursday Night
7,2711,11,16,BUFF,11,BALL,TRUE,FALSE,FALSE,FALSE,16,UB Stadium,Buffalo,New York,Thursday Night
7,2711,11,22,CLEM,26,DUKE,TRUE,FALSE,FALSE,FALSE,22,Frank Howard Field at Clemson Memorial Stadium,Clemson,South Carolina,Thursday Night
7,2711,11,29,FIU,127,WKU,TRUE,FALSE,FALSE,FALSE,29,Riccardo Silva Stadium,Miami,Florida,Thursday Night
7,2711,11,36,GAST,4,APST,TRUE,TRUE,FALSE,FALSE,36,Georgia State Stadium,Atlanta,Georgia,Thursday Night
7,2711,11,54,MRSH,131,JMU,TRUE,TRUE,FALSE,FALSE,54,Joan C. Edwards Stadium,Huntington,West Virginia,Thursday Night
7,2711,11,57,MIAF,97,CUSE,TRUE,FALSE,FALSE,FALSE,57,Hard Rock Stadium,Coral Gables,Florida,Thursday Night
7,2711,11,74,Northwestern,75,Notre Dame,FALSE,FALSE,FALSE,FALSE,0,Ryan Field,Evanston,Illinois,Thursday Night
7,2711,11,76,OHIO,112,CONN,FALSE,FALSE,FALSE,FALSE,76,Peden Stadium,Athens,Ohio,Thursday Night
7,2711,11,81,MISS,10,AUB,TRUE,FALSE,FALSE,FALSE,81,Vaught-Hemingway Stadium at Hollingsworth Field,Oxford,Mississippi,Thursday Night
7,2711,11,84,PNST,88,RUTG,TRUE,FALSE,FALSE,FALSE,84,Beaver Stadium,University Park,Pennsylvania,Thursday Night
7,2711,11,113,MASS,19,CMU,TRUE,FALSE,FALSE,FALSE,113,Warren McGuirk Alumni Stadium,Amherst,Massachusetts,Thursday Night
7,2711,11,132,JST,70,NMSU,TRUE,FALSE,FALSE,FALSE,132,Burgess-Snow Field at JSU Stadium,Jacksonville,Alabama,Thursday Night
7,2711,11,169,DART,170,PENN,TRUE,FALSE,FALSE,FALSE,169,Memorial Field,Hanover,NH,Thursday Night
7,2711,11,172,PRIN,165,WEB,FALSE,FALSE,FALSE,FALSE,172,Princeton Stadium,Princeton,NJ,Thursday Night
7,2711,11,174,FUR,213,URI,FALSE,FALSE,FALSE,FALSE,174,Paladin Stadium,Greenville,SC,Thursday Night
7,2711,11,177,WOF,180,WCU,TRUE,FALSE,FALSE,FALSE,177,Gibbs Stadium,Spartanburg,SC,Thursday Night
7,2711,11,186,ALCN,185,PV,TRUE,TRUE,FALSE,FALSE,186,Spinks-Casem Stadium,Lorman,MS,Thursday Night
7,2711,11,190,FAMU,188,AAMU,TRUE,TRUE,FALSE,FALSE,190,Bragg Memorial Stadium,Tallahassee,FL,Thursday Night
7,2711,11,202,UTM,197,WEBB,TRUE,FALSE,FALSE,FALSE,227,Graham Stadium,Martin,TN,Thursday Night
7,2711,11,203,ALB,193,MSVU,FALSE,FALSE,FALSE,FALSE,228,Tom & Mary Casey Stadium,Albany,NY,Thursday Night
7,2711,11,207,ELON,215,STBK,TRUE,FALSE,FALSE,FALSE,232,Rhodes Stadium,Elon,NC,Thursday Night
7,2711,11,208,HAMP,224,NORF,FALSE,FALSE,TRUE,FALSE,233,Armstrong Stadium,Hampton,VA,Thursday Night
7,2711,11,209,ME,204,BRY,TRUE,FALSE,FALSE,FALSE,234,Harold Alfond Sports Stadium,Orono,ME,Thursday Night
7,2711,11,210,MONM,205,CAMP,TRUE,FALSE,FALSE,FALSE,235,Kessler Field,West Long Branch,NJ,Thursday Night
7,2711,11,212,NCAT,226,SCST,FALSE,FALSE,TRUE,FALSE,237,Truist Stadium,Greensboro,NC,Thursday Night
7,2711,11,214,RICH,153,GEOT,TRUE,FALSE,FALSE,FALSE,239,E. Claiborne Robins Stadium,Richmond,VA,Thursday Night
7,2711,11,218,W&M,217,VILL,TRUE,FALSE,FALSE,FALSE,243,Water J. Zable Stadium,Williamsburg,VA,Thursday Night
7,2711,11,219,MRMK,173,YALE,FALSE,FALSE,FALSE,FALSE,244,Duane Stadium,North Andover,MA,Thursday Night
7,2711,11,221,DSU,225,NCCU,TRUE,FALSE,FALSE,FALSE,246,Alumni Stadium,Dover,DE,Thursday Night
7,2711,11,222,HOW,61,MTSU,FALSE,FALSE,FALSE,FALSE,247,William H. Greene Stadium,Washington,DC,Thursday Night
7,2711,11,223,MORG,216,TOW,FALSE,FALSE,TRUE,FALSE,248,Hughes Stadium,Baltimore,MD,Thursday Night
7,2711,11,227,CCSU,231,RMU,TRUE,FALSE,FALSE,FALSE,252,Arute Field,New Britain,CT,Thursday Night
7,2711,11,234,WAG,266,NHU,TRUE,FALSE,FALSE,FALSE,259,Wagner College Stadium,Staten Island,NY,Thursday Night
7,2711,11,236,DAV,239,MRST,TRUE,FALSE,FALSE,FALSE,261,Richardson Stadium,Davidson,NC,Thursday Night
7,2711,11,244,STET,241,PRE,TRUE,FALSE,FALSE,FALSE,269,Spec Martin Memorial Stadium,DeLand,FL,Thursday Night
7,2711,11,259,UNA,258,EKU,TRUE,FALSE,FALSE,FALSE,284,Braly Municipal Stadium,Florence,AL,Thursday Night
7,2712,12,33,FRES,103,TXST,TRUE,FALSE,FALSE,FALSE,33,Bulldog Stadium at Jim Sweeney Field,Fresno,California,Friday Night
7,2712,12,73,NIU,38,HAWI,TRUE,FALSE,FALSE,FALSE,73,Brigham Field at Huskie Stadium,DeKalb,Illinois,Friday Night
7,2712,12,79,OKST,104,TTU,TRUE,FALSE,FALSE,FALSE,79,Boone Pickens Stadium,Stillwater,Oklahoma,Friday Night
7,2712,12,87,RICE,56,MEMP,TRUE,FALSE,FALSE,FALSE,87,Rice Stadium,Houston,Texas,Friday Night
7,2712,12,90,SJSU,143,NDSU,TRUE,FALSE,FALSE,FALSE,90,CEFCU Stadium,San Jose,California,Friday Night
7,2712,12,98,TCU,262,TAR,FALSE,FALSE,FALSE,FALSE,98,Amon G. Carter Stadium,Fort Worth,Texas,Friday Night
7,2712,12,117,UTSA,107,TLNE,TRUE,FALSE,FALSE,FALSE,117,Alamodome,San Antonio,Texas,Friday Night
7,2712,12,133,SHSU,70,NMSU,TRUE,FALSE,FALSE,FALSE,133,Bowers Stadium,Huntsville,Texas,Friday Night
7,2712,12,189,UAPB,192,TXSO,TRUE,TRUE,FALSE,FALSE,189,Simmons Bank Field,Pine Bluff,AR,Friday Night
7,2712,12,196,EIU,146,WIU,TRUE,FALSE,TRUE,FALSE,221,O'Brien Field,Charleston,IL,Friday Night
7,2712,12,243,STMN,242,USD,TRUE,FALSE,FALSE,FALSE,268,O'Shaughnessy Stadium,Saint Paul,MN,Friday Night
7,2712,12,247,UIW,246,HCU,TRUE,FALSE,FALSE,FALSE,272,Gayle and Tom Benson Stadium,San Antonio,TX,Friday Night
7,2712,12,254,RGV,252,SELA,TRUE,FALSE,FALSE,FALSE,279,Robert and Janet Vackar Stadium,Edinburg,TX,Friday Night
7,2712,12,267,UOG,193,MSVU,FALSE,FALSE,FALSE,FALSE,292,National Football Stadium,Mangilao,GM,Friday Night
7,2712,12,2,AKRN,19,CMU,TRUE,FALSE,FALSE,FALSE,2,InfoCision Stadium-Summa Field,Akron,Ohio,Saturday Afternoon
7,2712,12,8,ARST,49,ULL,TRUE,TRUE,FALSE,FALSE,8,Centennial Bank Stadium,Jonesboro,Arkansas,Saturday Afternoon
7,2712,12,15,BGSU,46,KENT,TRUE,FALSE,TRUE,FALSE,15,Doyt L. Perry Stadium,Bowling Green,Ohio,Saturday Afternoon
7,2712,12,36,GAST,54,MRSH,TRUE,TRUE,FALSE,FALSE,36,Georgia State Stadium,Atlanta,Georgia,Saturday Afternoon
7,2712,12,39,UHOU,44,KANS,TRUE,FALSE,FALSE,FALSE,39,John O'Quinn Field at TDECU Stadium,Houston,Texas,Saturday Afternoon
7,2712,12,45,KSST,12,BAYL,TRUE,FALSE,FALSE,FALSE,45,Bill Snyder Family Football Stadium,Manhattan,Kansas,Saturday Afternoon
7,2712,12,48,LU,132,JST,TRUE,FALSE,FALSE,FALSE,48,Arthur L. Williams Stadium,Lynchburg,Virginia,Saturday Afternoon
7,2712,12,53,LSU,249,MCN,FALSE,FALSE,FALSE,FALSE,53,Tiger Stadium,Baton Rouge,Louisiana,Saturday Afternoon
7,2712,12,64,MIZZ,78,OKLA,TRUE,FALSE,TRUE,FALSE,64,Faurot Field at Memorial Stadium,Columbia,Missouri,Saturday Afternoon
7,2712,12,69,UNM,114,UNLV,TRUE,FALSE,FALSE,FALSE,69,Dreamstyle Stadium,Albuquerque,New Mexico,Saturday Afternoon
7,2712,12,71,UNC,14,BC,TRUE,FALSE,FALSE,FALSE,71,Kenan Memorial Stadium,Chapel Hill,North Carolina,Saturday Afternoon
7,2712,12,88,RUTG,74,NW,TRUE,FALSE,FALSE,FALSE,88,High Point Solutions Stadium,Piscataway,New Jersey,Saturday Afternoon
7,2712,12,109,UAB,9,ARMY,TRUE,FALSE,FALSE,FALSE,109,Legion Field Stadium,Birmingham,Alabama,Saturday Afternoon
7,2712,12,136,INST,145,SDAK,TRUE,FALSE,FALSE,FALSE,136,Memorial Stadium,Terre Haute,IN,Saturday Afternoon
7,2712,12,147,BUCK,148,COLG,TRUE,FALSE,FALSE,FALSE,147,Christy Mathewson-Memorial Stadium,Lewisburg,PA,Saturday Afternoon
7,2712,12,167,COLU,166,BRWN,TRUE,FALSE,FALSE,FALSE,167,Lawrence A. Wien Stadium,New York,NY,Saturday Afternoon
7,2712,12,191,ALST,190,FAMU,TRUE,TRUE,FALSE,FALSE,191,New ASU Stadium,Montgomery,AL,Saturday Afternoon
7,2712,12,203,ALB,215,STBK,TRUE,FALSE,TRUE,FALSE,228,Tom & Mary Casey Stadium,Albany,NY,Saturday Afternoon
7,2712,12,211,UNH,216,TOW,TRUE,FALSE,FALSE,FALSE,236,Wildcat Stadium,Durham,NH,Saturday Afternoon
7,2712,12,218,W&M,150,LAF,TRUE,FALSE,FALSE,FALSE,243,Water J. Zable Stadium,Williamsburg,VA,Saturday Afternoon
7,2712,12,219,MRMK,265,CHST,FALSE,FALSE,FALSE,FALSE,244,Duane Stadium,North Andover,MA,Saturday Afternoon
7,2712,12,226,SCST,225,NCCU,TRUE,FALSE,FALSE,FALSE,251,Oliver C. Dawson Stadium,Orangeburg,SC,Saturday Afternoon
7,2712,12,231,RMU,229,LIU,TRUE,FALSE,FALSE,FALSE,256,Joe Walton Stadium,Moon Township,PA,Saturday Afternoon
7,2712,12,248,LAM,178,UTC,FALSE,FALSE,FALSE,FALSE,273,Provost Umphrey Stadium,Beaumont,TX,Saturday Afternoon
7,2712,12,251,NWST,261,SFA,TRUE,FALSE,TRUE,FALSE,276,Harry Turpin Stadium,Natchitotches,LA,Saturday Afternoon
7,2712,12,253,ETAM,250,NICH,TRUE,FALSE,FALSE,FALSE,278,Ernest Hawkins Field at Memorial Stadium,Commerce,TX,Saturday Afternoon
7,2712,12,256,APSU,255,ACU,TRUE,FALSE,FALSE,FALSE,281,Fortera Stadium,Clarksville,TN,Saturday Afternoon
7,2712,12,13,BOIS,25,CSU,TRUE,FALSE,FALSE,FALSE,13,Albertsons Stadium,Boise,Idaho,Saturday Evening
7,2712,12,24,COLO,118,UTAH,TRUE,FALSE,TRUE,FALSE,24,Folsom Field,Boulder,Colorado,Saturday Evening
7,2712,12,40,ILLI,124,WASH,TRUE,FALSE,FALSE,FALSE,40,Memorial Stadium,Urbana Champaign,Illinois,Saturday Evening
7,2712,12,50,ULM,92,USA,TRUE,TRUE,FALSE,FALSE,50,Joe Aillet Stadium,Monroe,Louisiana,Saturday Evening
7,2712,12,63,MSST,120,VAND,TRUE,FALSE,FALSE,FALSE,63,Davis Wade Stadium at Scott Field,Starkville,Mississippi,Saturday Evening
7,2712,12,66,NCST,121,UVA,TRUE,FALSE,FALSE,FALSE,66,Wayne Day Family Field at Carter-Finley Stadium,Raleigh,North Carolina,Saturday Evening
7,2712,12,68,NEV,116,UTEP,TRUE,FALSE,FALSE,FALSE,68,Mackay Stadium,Reno,Nevada,Saturday Evening
7,2712,12,77,OHST,115,USC,TRUE,FALSE,FALSE,FALSE,77,Ohio Stadium,Columbus,Ohio,Saturday Evening
7,2712,12,108,TULS,72,UNT,TRUE,FALSE,FALSE,FALSE,108,Skelly Field at H. A. Chapman Stadium,Tulsa,Oklahoma,Saturday Evening
7,2712,12,110,UCF,3,BAMA,FALSE,FALSE,FALSE,FALSE,110,Bounce House,Orlando,Florida,Saturday Evening
7,2712,12,125,WAST,83,ORST,TRUE,FALSE,TRUE,FALSE,125,Martin Stadium,Pullman,Washington,Saturday Evening
7,2712,12,155,CP,154,UCD,TRUE,FALSE,TRUE,FALSE,155,Alex G. Spanos Stadium,San Luis Obispo,CA,Saturday Evening
7,2712,12,156,EWU,159,MONT,TRUE,FALSE,TRUE,FALSE,156,Roos Field,Cheney,WA,Saturday Evening
7,2712,12,263,UTU,157,IDHO,TRUE,FALSE,FALSE,FALSE,288,Greater Zion STadium,St. George,UT,Saturday Evening
7,2712,12,270,MARQ,80,ODU,FALSE,FALSE,FALSE,FALSE,295,Marquette Stadium,Milwaukee,WI,Saturday Evening
7,2712,12,10,AUB,30,FLA,TRUE,FALSE,TRUE,FALSE,10,Pat Dye Field at Jordan-Hare Stadium,Auburn,Alabama,Saturday Morning
7,2712,12,20,CHAR,94,USF,TRUE,FALSE,FALSE,FALSE,20,McColl-Richardson Field at Jerry Richardson Stadium,Charlotte,North Carolina,Saturday Morning
7,2712,12,22,CLEM,236,DAV,FALSE,FALSE,FALSE,FALSE,22,Frank Howard Field at Clemson Memorial Stadium,Clemson,South Carolina,Saturday Morning
7,2712,12,23,CCU,4,APST,TRUE,TRUE,FALSE,FALSE,23,Brooks Stadium,Conway,South Carolina,Saturday Morning
7,2712,12,28,EMU,11,BALL,TRUE,FALSE,FALSE,FALSE,28,Rynearson Stadium,Ypsilanti,Michigan,Saturday Morning
7,2712,12,55,UMD,62,MINN,TRUE,FALSE,FALSE,FALSE,55,Capital One Field at Maryland Stadium,College Park,Maryland,Saturday Morning
7,2712,12,61,MTSU,138,MOST,TRUE,FALSE,FALSE,FALSE,61,Johnny Red Floyd Stadium,Murfreesboro,Tennessee,Saturday Morning
7,2712,12,76,OHIO,105,TLDO,TRUE,FALSE,FALSE,FALSE,76,Peden Stadium,Athens,Ohio,Saturday Morning
7,2712,12,84,PNST,67,NEB,TRUE,FALSE,FALSE,FALSE,84,Beaver Stadium,University Park,Pennsylvania,Saturday Morning
7,2712,12,99,TEMP,31,FAU,TRUE,FALSE,FALSE,FALSE,99,Lincoln Financial Field,Philadelphia,Pennsylvania,Saturday Morning
7,2712,12,126,WVU,5,ZONA,TRUE,FALSE,FALSE,FALSE,126,Mountaineer Field at Milan Puskar Stadium,Morgantown,West Virginia,Saturday Morning
7,2712,12,134,KNSW,29,FIU,TRUE,FALSE,FALSE,FALSE,134,Fifth Third Bank Stadium,Kennesaw,Georgia,Saturday Morning
7,2712,12,168,COR,170,PENN,TRUE,FALSE,TRUE,FALSE,168,Schoellkopf Field,Ithaca,NY,Saturday Morning
7,2712,12,171,HARV,169,DART,TRUE,FALSE,TRUE,FALSE,171,Harvard Stadium,Cambridge,MA,Saturday Morning
7,2712,12,174,FUR,182,VMI,TRUE,FALSE,FALSE,FALSE,174,Paladin Stadium,Greenville,SC,Saturday Morning
7,2712,12,175,SAM,177,WOF,TRUE,FALSE,FALSE,FALSE,175,Seibert Stadium,Homewood,AL,Saturday Morning
7,2712,12,176,CIT,201,TNTC,TRUE,FALSE,FALSE,FALSE,176,Johnson Hagood Stadium,Charleston,SC,Saturday Morning
7,2712,12,180,WCU,162,UNCO,FALSE,FALSE,FALSE,FALSE,180,EJ Whitmire Stadium,Cullowhee,NC,Saturday Morning
7,2712,12,186,ALCN,183,GRAM,TRUE,TRUE,FALSE,FALSE,186,Spinks-Casem Stadium,Lorman,MS,Saturday Morning
7,2712,12,188,AAMU,184,BCU,TRUE,TRUE,FALSE,FALSE,188,Louis Crews Stadium,Huntsville,AL,Saturday Morning
7,2712,12,197,WEBB,200,TNST,TRUE,FALSE,FALSE,FALSE,222,Ernest W. Spangler Stadium,Boiling Springs,NC,Saturday Morning
7,2712,12,228,DUQ,234,WAG,TRUE,FALSE,FALSE,FALSE,253,Arthur J. Rooney Athletic Field,Pittsburgh,PA,Saturday Morning
7,2712,12,240,MORE,245,VAL,TRUE,FALSE,FALSE,FALSE,265,Jayne Stadium,Morehead,KY,Saturday Morning
7,2712,12,6,AZST,21,CINC,TRUE,FALSE,FALSE,FALSE,6,"Sun Devil Stadium, Frank Kush Field",Tempe,Arizona,Saturday Night
7,2712,12,18,CAL,91,SMU,TRUE,FALSE,TRUE,FALSE,18,California Memorial Stadium,Berkeley,California,Saturday Night
7,2712,12,43,IAST,17,BYU,TRUE,FALSE,FALSE,FALSE,43,Jack Trice Stadium,Ames,Iowa,Saturday Night
7,2712,12,51,LT,106,TROY,TRUE,TRUE,FALSE,FALSE,51,JPS Field at Malone Stadium,Ruston,Louisiana,Saturday Night
7,2712,12,89,SDSU,119,UTST,TRUE,FALSE,FALSE,FALSE,89,SDCCU Stadium,San Diego,California,Saturday Night
7,2712,12,96,STAN,85,PITT,TRUE,FALSE,FALSE,FALSE,96,Stanford Stadium,Stanford,California,Saturday Night
7,2712,12,111,UCLA,129,WISC,TRUE,FALSE,FALSE,FALSE,111,Rose Bowl Stadium,Los Angeles,California,Saturday Night
7,2712,12,141,SIU,135,YSU,TRUE,FALSE,FALSE,FALSE,141,Saluki Stadium,Carbondale,IL,Saturday Night
7,2712,12,144,SDST,137,ILST,TRUE,FALSE,FALSE,FALSE,144,Dana J. Dykhouse Stadium,Brookings,SD,Saturday Night
7,2712,12,161,NAU,260,SUU,TRUE,FALSE,TRUE,FALSE,161,Walkup Skydome,Flagstaff,AZ,Saturday Night
7,2712,12,164,SSU,16,BUFF,TRUE,FALSE,FALSE,FALSE,164,Hornet Stadium,Sacramento,CA,Saturday Night
7,2712,12,187,SOU,185,PV,TRUE,TRUE,FALSE,FALSE,187,A.W. Mumford Stadium,Baton Rouge,LA,Saturday Night
7,2712,12,268,SAMO,140,UNI,FALSE,FALSE,FALSE,FALSE,293,Veterans Memorial Stadium,Pago Pago,AS,Saturday Night
7,2712,12,1,USAF,130,WYOM,TRUE,FALSE,FALSE,FALSE,1,Falcon Stadium,Colorado Springs,Colorado,Thursday Night
7,2712,12,32,FSU,57,MIAF,TRUE,FALSE,TRUE,FALSE,32,Bobby Bowden Field at Doak S. Campbell Stadium,Tallahassee,Florida,Thursday Night
7,2712,12,34,UGA,102,TAMU,TRUE,FALSE,FALSE,FALSE,34,Sanford Stadium,Athens,Georgia,Thursday Night
7,2712,12,35,GASO,131,JMU,TRUE,TRUE,FALSE,FALSE,35,Allen E. Paulson Stadium,Statesboro,Georgia,Thursday Night
7,2712,12,37,GT,52,LOU,TRUE,FALSE,FALSE,FALSE,37,Bobby Dodd Stadium at Historic Grant Field,Atlanta,Georgia,Thursday Night
7,2712,12,41,IND,82,OREG,TRUE,FALSE,FALSE,FALSE,41,Memorial Stadium,Bloomington,Indiana,Thursday Night
7,2712,12,58,MIAO,113,MASS,TRUE,FALSE,FALSE,FALSE,58,Fred C. Yager Stadium,Oxford,Ohio,Thursday Night
7,2712,12,59,MICH,86,PURD,TRUE,FALSE,FALSE,FALSE,59,Michigan Stadium,Ann Arbor,Michigan,Thursday Night
7,2712,12,65,NAVY,27,ECU,TRUE,FALSE,FALSE,FALSE,65,Navy-Marine Corps Memorial Stadium,Annapolis,Maryland,Thursday Night
7,2712,12,81,MISS,101,TEX,TRUE,FALSE,FALSE,FALSE,81,Vaught-Hemingway Stadium at Hollingsworth Field,Oxford,Mississippi,Thursday Night
7,2712,12,93,SOCA,47,UKEN,TRUE,FALSE,FALSE,FALSE,93,Williams-Brice Stadium,Columbia,South Carolina,Thursday Night
7,2712,12,97,CUSE,26,DUKE,TRUE,FALSE,FALSE,FALSE,97,Carrier Dome,Syracuse,New York,Thursday Night
7,2712,12,100,TENN,7,ARK,TRUE,FALSE,FALSE,FALSE,100,Neyland Stadium,Knoxville,Tennessee,Thursday Night
7,2712,12,123,WAKE,122,VT,TRUE,FALSE,FALSE,FALSE,123,BB&T Field,Winston-Salem,North Carolina,Thursday Night
7,2712,12,127,WKU,206,DEL,TRUE,FALSE,FALSE,FALSE,127,L. T. Smith Stadium at Jimmy Feix Field,Bowling Green,Kentucky,Thursday Night
7,2712,12,139,MUR,142,UND,TRUE,FALSE,FALSE,FALSE,139,Roy Stewart Stadium,Murray,KY,Thursday Night
7,2712,12,149,HC,217,VILL,TRUE,FALSE,FALSE,FALSE,149,Fitton Field,Worcester,MA,Thursday Night
7,2712,12,151,LEH,214,RICH,TRUE,FALSE,FALSE,FALSE,151,Goodman Stadium,Bethlehem,PA,Thursday Night
7,2712,12,153,GEOT,152,FOR,TRUE,FALSE,FALSE,FALSE,153,Cooper Field,Washington,DC,Thursday Night
7,2712,12,163,PRST,160,MTST,TRUE,FALSE,FALSE,FALSE,163,Hillsboro Stadium,Portland,OR,Thursday Night
7,2712,12,165,WEB,158,IDST,TRUE,FALSE,FALSE,FALSE,165,Stewart Stadium,Ogden,UT,Thursday Night
7,2712,12,172,PRIN,173,YALE,TRUE,FALSE,TRUE,FALSE,172,Princeton Stadium,Princeton,NJ,Thursday Night
7,2712,12,179,ETSU,181,MER,TRUE,FALSE,FALSE,FALSE,179,William B. Greene Jr. Stadium,Johnson City,TN,Thursday Night
7,2712,12,195,CHSO,199,SEMO,TRUE,FALSE,FALSE,FALSE,220,Buccaneer Field,Bules Creek,NC,Thursday Night
7,2712,12,202,UTM,198,LIN,TRUE,FALSE,FALSE,FALSE,227,Graham Stadium,Martin,TN,Thursday Night
7,2712,12,209,ME,205,CAMP,TRUE,FALSE,FALSE,FALSE,234,Harold Alfond Sports Stadium,Orono,ME,Thursday Night
7,2712,12,210,MONM,208,HAMP,TRUE,FALSE,FALSE,FALSE,235,Kessler Field,West Long Branch,NJ,Thursday Night
7,2712,12,212,NCAT,207,ELON,TRUE,FALSE,FALSE,FALSE,237,Truist Stadium,Greensboro,NC,Thursday Night
7,2712,12,213,URI,269,UWF,FALSE,FALSE,FALSE,FALSE,238,Meade Stadium,Kingston,RI,Thursday Night
7,2712,12,220,SHU,204,BRY,TRUE,FALSE,FALSE,FALSE,245,Campus Field,Fairfield,CT,Thursday Night
7,2712,12,222,HOW,224,NORF,TRUE,FALSE,FALSE,FALSE,247,William H. Greene Stadium,Washington,DC,Thursday Night
7,2712,12,223,MORG,221,DSU,TRUE,FALSE,FALSE,FALSE,248,Hughes Stadium,Baltimore,MD,Thursday Night
7,2712,12,230,MRCY,227,CCSU,TRUE,FALSE,FALSE,FALSE,255,Saxon Stadium,Erie,PA,Thursday Night
7,2712,12,232,SFPA,194,JXST,FALSE,FALSE,FALSE,FALSE,257,DeGol Field,Loretto,PA,Thursday Night
7,2712,12,233,STO,266,NHU,TRUE,FALSE,FALSE,FALSE,258,W.B. Mason Stadium,Easton,MA,Thursday Night
7,2712,12,235,BUT,237,DAY,TRUE,FALSE,FALSE,FALSE,260,Bud and Jackie Sellick Bowl,Indianapolis,IN,Thursday Night
7,2712,12,241,PRE,238,DRKE,TRUE,FALSE,FALSE,FALSE,266,Bailey Memorial Stadium,Clinton,SC,Thursday Night
7,2712,12,244,STET,239,MRST,TRUE,FALSE,FALSE,FALSE,269,Spec Martin Memorial Stadium,DeLand,FL,Thursday Night
7,2712,12,258,EKU,257,CARK,TRUE,FALSE,FALSE,FALSE,283,Roy Kidd Stadium,Richmond,KY,Thursday Night
7,2712,12,264,UWG,259,UNA,TRUE,FALSE,FALSE,FALSE,289,University Stadium,Carrollton,GA,Thursday Night
7,2713,13,7,ARK,47,UKEN,TRUE,FALSE,FALSE,FALSE,7,"Donald W. Reynolds Razorback Stadium, Frank Broyles Field",Fayetteville,Arkansas,Friday Night
7,2713,13,25,CSU,101,TEX,FALSE,FALSE,FALSE,FALSE,25,Sonny Lubick Field at Canvas Stadium,Fort Collins,Colorado,Friday Night
7,2713,13,39,UHOU,21,CINC,TRUE,FALSE,FALSE,FALSE,39,John O'Quinn Field at TDECU Stadium,Houston,Texas,Friday Night
7,2713,13,53,LSU,34,UGA,TRUE,FALSE,FALSE,FALSE,53,Tiger Stadium,Baton Rouge,Louisiana,Friday Night
7,2713,13,72,UNT,94,USF,TRUE,FALSE,FALSE,FALSE,72,Apogee Stadium,Denton,Texas,Friday Night
7,2713,13,98,TCU,43,IAST,TRUE,FALSE,FALSE,FALSE,98,Amon G. Carter Stadium,Fort Worth,Texas,Friday Night
7,2713,13,108,TULS,107,TLNE,TRUE,FALSE,FALSE,FALSE,108,Skelly Field at H. A. Chapman Stadium,Tulsa,Oklahoma,Friday Night
7,2713,13,146,WIU,198,LIN,TRUE,FALSE,FALSE,FALSE,146,Hanson Field,Macomb,IL,Friday Night
7,2713,13,157,IDHO,158,IDST,TRUE,FALSE,TRUE,FALSE,157,Kibbie Dome,Moscow,ID,Friday Night
7,2713,13,165,WEB,162,UNCO,TRUE,FALSE,FALSE,FALSE,165,Stewart Stadium,Ogden,UT,Friday Night
7,2713,13,185,PV,270,MARQ,FALSE,FALSE,FALSE,FALSE,185,Blackshear Field,Prairie View,TX,Friday Night
7,2713,13,189,UAPB,103,TXST,FALSE,FALSE,FALSE,FALSE,189,Simmons Bank Field,Pine Bluff,AR,Friday Night
7,2713,13,199,SEMO,197,WEBB,TRUE,FALSE,FALSE,FALSE,224,Houck Stadium,Cape Girardeau,MO,Friday Night
7,2713,13,242,USD,244,STET,TRUE,FALSE,FALSE,FALSE,267,Torero Stadium,San Diego,CA,Friday Night
7,2713,13,253,ETAM,251,NWST,TRUE,FALSE,FALSE,FALSE,278,Ernest Hawkins Field at Memorial Stadium,Commerce,TX,Friday Night
7,2713,13,260,SUU,220,SHU,FALSE,FALSE,FALSE,FALSE,285,Eccles Coliseum,Cedar City,UT,Friday Night
7,2713,13,261,SFA,249,MCN,TRUE,FALSE,FALSE,FALSE,286,Homer Bryce Stadium,Nacogdoches,TX,Friday Night
7,2713,13,263,UTU,236,DAV,FALSE,FALSE,FALSE,FALSE,288,Greater Zion STadium,St. George,UT,Friday Night
7,2713,13,3,BAMA,63,MSST,TRUE,FALSE,FALSE,FALSE,3,Bryant-Denny Stadium,Tuscaloosa,Alabama,Saturday Afternoon
7,2713,13,31,FAU,9,ARMY,TRUE,FALSE,FALSE,FALSE,31,FAU Stadium,Boca Raton,Florida,Saturday Afternoon
7,2713,13,33,FRES,219,MRMK,FALSE,FALSE,FALSE,FALSE,33,Bulldog Stadium at Jim Sweeney Field,Fresno,California,Saturday Afternoon
7,2713,13,56,MEMP,192,TXSO,FALSE,FALSE,FALSE,FALSE,56,Liberty Bowl Memorial Stadium,Memphis,Tennessee,Saturday Afternoon
7,2713,13,57,MIAF,14,BC,TRUE,FALSE,FALSE,FALSE,57,Hard Rock Stadium,Coral Gables,Florida,Saturday Afternoon
7,2713,13,62,MINN,41,IND,TRUE,FALSE,FALSE,FALSE,62,TCF Bank Stadium,Minneapolis,Minnesota,Saturday Afternoon
7,2713,13,69,UNM,90,SJSU,TRUE,FALSE,FALSE,FALSE,69,Dreamstyle Stadium,Albuquerque,New Mexico,Saturday Afternoon
7,2713,13,78,OKLA,81,MISS,TRUE,FALSE,FALSE,FALSE,78,Gaylord Family - Oklahoma Memorial Stadium at Owen Field,Norman,Oklahoma,Saturday Afternoon
7,2713,13,84,PNST,82,OREG,TRUE,FALSE,FALSE,FALSE,84,Beaver Stadium,University Park,Pennsylvania,Saturday Afternoon
7,2713,13,87,RICE,99,TEMP,TRUE,FALSE,FALSE,FALSE,87,Rice Stadium,Houston,Texas,Saturday Afternoon
7,2713,13,93,SOCA,30,FLA,TRUE,FALSE,FALSE,FALSE,93,Williams-Brice Stadium,Columbia,South Carolina,Saturday Afternoon
7,2713,13,97,CUSE,32,FSU,TRUE,FALSE,FALSE,FALSE,97,Carrier Dome,Syracuse,New York,Saturday Afternoon
7,2713,13,102,TAMU,64,MIZZ,TRUE,FALSE,FALSE,FALSE,102,Kyle Field,College Station,Texas,Saturday Afternoon
7,2713,13,116,UTEP,1,USAF,TRUE,FALSE,FALSE,FALSE,116,Sun Bowl Stadium,El Paso,Texas,Saturday Afternoon
7,2713,13,144,SDST,28,EMU,FALSE,FALSE,FALSE,FALSE,144,Dana J. Dykhouse Stadium,Brookings,SD,Saturday Afternoon
7,2713,13,152,FOR,267,UOG,FALSE,FALSE,FALSE,FALSE,152,Jack Coffey Field,Bronx,NY,Saturday Afternoon
7,2713,13,173,YALE,169,DART,TRUE,FALSE,FALSE,FALSE,173,Yale Bowl,New Haven,CT,Saturday Afternoon
7,2713,13,184,BCU,190,FAMU,TRUE,TRUE,TRUE,FALSE,184,Daytona Stadium,Daytona Beach,FL,Saturday Afternoon
7,2713,13,203,ALB,210,MONM,TRUE,FALSE,FALSE,FALSE,228,Tom & Mary Casey Stadium,Albany,NY,Saturday Afternoon
7,2713,13,228,DUQ,110,UCF,FALSE,FALSE,FALSE,FALSE,253,Arthur J. Rooney Athletic Field,Pittsburgh,PA,Saturday Afternoon
7,2713,13,231,RMU,233,STO,TRUE,FALSE,FALSE,FALSE,256,Joe Walton Stadium,Moon Township,PA,Saturday Afternoon
7,2713,13,247,UIW,254,RGV,TRUE,FALSE,FALSE,FALSE,272,Gayle and Tom Benson Stadium,San Antonio,TX,Saturday Afternoon
7,2713,13,250,NICH,252,SELA,TRUE,FALSE,TRUE,FALSE,275,Manning Field at John L. Guidry Stadium,Thibodaux,LA,Saturday Afternoon
7,2713,13,265,CHST,229,LIU,TRUE,FALSE,FALSE,FALSE,290,SeatGeek Stadium,Chicago,IL,Saturday Afternoon
7,2713,13,59,MICH,40,ILLI,TRUE,FALSE,FALSE,FALSE,59,Michigan Stadium,Ann Arbor,Michigan,Saturday Evening
7,2713,13,67,NEB,129,WISC,TRUE,FALSE,TRUE,FALSE,67,"Memorial Stadium, Tom Osborne Field",Lincoln,Nebraska,Saturday Evening
7,2713,13,73,NIU,114,UNLV,TRUE,FALSE,FALSE,FALSE,73,Brigham Field at Huskie Stadium,DeKalb,Illinois,Saturday Evening
7,2713,13,85,PITT,123,WAKE,TRUE,FALSE,FALSE,FALSE,85,Heinz Field,Pittsburgh,Pennsylvania,Saturday Evening
7,2713,13,86,PURD,88,RUTG,TRUE,FALSE,FALSE,FALSE,86,Ross-Ade Stadium,West Lafayette,Indiana,Saturday Evening
7,2713,13,104,TTU,126,WVU,TRUE,FALSE,FALSE,FALSE,104,Jones AT&T Stadium,Lubbock,Texas,Saturday Evening
7,2713,13,118,UTAH,79,OKST,TRUE,FALSE,FALSE,FALSE,118,Rice-Eccles Stadium,Salt Lake City,Utah,Saturday Evening
7,2713,13,140,UNI,142,UND,TRUE,FALSE,FALSE,FALSE,140,UNI-Dome,Cedar Falls,IA,Saturday Evening
7,2713,13,141,SIU,137,ILST,TRUE,FALSE,FALSE,FALSE,141,Saluki Stadium,Carbondale,IL,Saturday Evening
7,2713,13,161,NAU,155,CP,TRUE,FALSE,FALSE,FALSE,161,Walkup Skydome,Flagstaff,AZ,Saturday Evening
7,2713,13,163,PRST,156,EWU,TRUE,FALSE,TRUE,FALSE,163,Hillsboro Stadium,Portland,OR,Saturday Evening
7,2713,13,255,ACU,264,UWG,TRUE,FALSE,FALSE,FALSE,280,Anthony Field at Wildcat Stadium,Abilene,TX,Saturday Evening
7,2713,13,15,BGSU,16,BUFF,TRUE,FALSE,FALSE,FALSE,15,Doyt L. Perry Stadium,Bowling Green,Ohio,Saturday Morning
7,2713,13,55,UMD,124,WASH,TRUE,FALSE,FALSE,FALSE,55,Capital One Field at Maryland Stadium,College Park,Maryland,Saturday Morning
7,2713,13,71,UNC,91,SMU,TRUE,FALSE,FALSE,FALSE,71,Kenan Memorial Stadium,Chapel Hill,North Carolina,Saturday Morning
7,2713,13,100,TENN,8,ARST,FALSE,FALSE,FALSE,FALSE,100,Neyland Stadium,Knoxville,Tennessee,Saturday Morning
7,2713,13,112,CONN,133,SHSU,FALSE,FALSE,FALSE,FALSE,112,Pratt & Whitney Stadium at Rentschler Field,Storrs,Connecticut,Saturday Morning
7,2713,13,120,VAND,10,AUB,TRUE,FALSE,FALSE,FALSE,120,Vanderbilt Stadium,Nashville,Tennessee,Saturday Morning
7,2713,13,121,UVA,22,CLEM,TRUE,FALSE,FALSE,FALSE,121,David A. Harrison III Field at Scott Stadium,Charlottesville,Virginia,Saturday Morning
7,2713,13,122,VT,52,LOU,TRUE,FALSE,FALSE,FALSE,122,Worsham Field at Lane Stadium,Blacksburg,Virginia,Saturday Morning
7,2713,13,168,COR,171,HARV,TRUE,FALSE,FALSE,FALSE,168,Schoellkopf Field,Ithaca,NY,Saturday Morning
7,2713,13,175,SAM,174,FUR,TRUE,FALSE,FALSE,FALSE,175,Seibert Stadium,Homewood,AL,Saturday Morning
7,2713,13,179,ETSU,180,WCU,TRUE,FALSE,FALSE,FALSE,179,William B. Greene Jr. Stadium,Johnson City,TN,Saturday Morning
7,2713,13,195,CHSO,200,TNST,TRUE,FALSE,FALSE,FALSE,220,Buccaneer Field,Bules Creek,NC,Saturday Morning
7,2713,13,205,CAMP,212,NCAT,TRUE,FALSE,FALSE,FALSE,230,Barker-Lane Stadium,Buies Creek,NC,Saturday Morning
7,2713,13,216,TOW,215,STBK,TRUE,FALSE,FALSE,FALSE,241,Johnny Unitas Stadiumn,Towson,MD,Saturday Morning
7,2713,13,217,VILL,214,RICH,TRUE,FALSE,FALSE,FALSE,242,Villanova Stadium,Philadelphia,PA,Saturday Morning
7,2713,13,225,NCCU,223,MORG,TRUE,FALSE,FALSE,FALSE,250,O'Kelly-Riddick Stadium,Durham,NC,Saturday Morning
7,2713,13,237,DAY,245,VAL,TRUE,FALSE,FALSE,FALSE,262,Welcome Stadium,Dayton,OH,Saturday Morning
7,2713,13,6,AZST,24,COLO,TRUE,FALSE,FALSE,FALSE,6,"Sun Devil Stadium, Frank Kush Field",Tempe,Arizona,Saturday Night
7,2713,13,13,BOIS,12,BAYL,FALSE,FALSE,FALSE,FALSE,13,Albertsons Stadium,Boise,Idaho,Saturday Night
7,2713,13,17,BYU,44,KANS,TRUE,FALSE,FALSE,FALSE,17,LaVell Edwards Stadium,Provo,Utah,Saturday Night
7,2713,13,45,KSST,5,ZONA,TRUE,FALSE,FALSE,FALSE,45,Bill Snyder Family Football Stadium,Manhattan,Kansas,Saturday Night
7,2713,13,51,LT,95,USM,TRUE,TRUE,TRUE,FALSE,51,JPS Field at Malone Stadium,Ruston,Louisiana,Saturday Night
7,2713,13,74,NW,60,MIST,TRUE,FALSE,FALSE,FALSE,74,Ryan Field,Evanston,Illinois,Saturday Night
7,2713,13,89,SDSU,42,IOWA,FALSE,FALSE,FALSE,FALSE,89,SDCCU Stadium,San Diego,California,Saturday Night
7,2713,13,96,STAN,75,ND,FALSE,FALSE,TRUE,FALSE,96,Stanford Stadium,Stanford,California,Saturday Night
7,2713,13,115,USC,111,UCLA,TRUE,FALSE,TRUE,FALSE,115,Los Angeles Memorial Coliseum,Los Angeles,California,Saturday Night
7,2713,13,138,MOST,70,NMSU,TRUE,FALSE,FALSE,FALSE,138,Robert W. Plaster Stadium,Springfield,MO,Saturday Night
7,2713,13,143,NDSU,68,NEV,TRUE,FALSE,FALSE,FALSE,143,Fargodome,Fargo,ND,Saturday Night
7,2713,13,154,UCD,268,SAMO,FALSE,FALSE,FALSE,FALSE,154,UC Davis Health Stadium,Davis,CA,Saturday Night
7,2713,13,183,GRAM,187,SOU,TRUE,TRUE,TRUE,FALSE,183,Eddie G. Robinson Memorial Stadium,Grambling,LA,Saturday Night
7,2713,13,248,LAM,246,HCU,TRUE,FALSE,FALSE,FALSE,273,Provost Umphrey Stadium,Beaumont,TX,Saturday Night
7,2713,13,4,APST,54,MRSH,TRUE,TRUE,TRUE,FALSE,4,Kidd Brewer Stadium,Boone,North Carolina,Thursday Night
7,2713,13,27,ECU,20,CHAR,TRUE,FALSE,FALSE,FALSE,27,Bagwell Field at Dowdy-Ficklen Stadium,Greenville,North Carolina,Thursday Night
7,2713,13,36,GAST,35,GASO,TRUE,TRUE,TRUE,FALSE,36,Georgia State Stadium,Atlanta,Georgia,Thursday Night
7,2713,13,37,GT,18,CAL,TRUE,FALSE,FALSE,FALSE,37,Bobby Dodd Stadium at Historic Grant Field,Atlanta,Georgia,Thursday Night
7,2713,13,38,HAWI,130,WYOM,TRUE,FALSE,TRUE,FALSE,38,Aloha Stadium,Honolulu,Hawai'i,Thursday Night
7,2713,13,46,KENT,19,CMU,TRUE,FALSE,FALSE,FALSE,46,Dix Stadium,Kent,Ohio,Thursday Night
7,2713,13,49,ULL,50,ULM,TRUE,TRUE,TRUE,FALSE,49,Cajun Field,Lafayette,Louisiana,Thursday Night
7,2713,13,61,MTSU,127,WKU,TRUE,FALSE,TRUE,FALSE,61,Johnny Red Floyd Stadium,Murfreesboro,Tennessee,Thursday Night
7,2713,13,92,USA,106,TROY,TRUE,TRUE,TRUE,FALSE,92,Ladd-Peebles Stadium,Mobile,Alabama,Thursday Night
7,2713,13,105,TLDO,58,MIAO,TRUE,FALSE,FALSE,FALSE,105,Glass Bowl,Toledo,Ohio,Thursday Night
7,2713,13,109,UAB,117,UTSA,TRUE,FALSE,FALSE,FALSE,109,Legion Field Stadium,Birmingham,Alabama,Thursday Night
7,2713,13,113,MASS,2,AKRN,TRUE,FALSE,FALSE,FALSE,113,Warren McGuirk Alumni Stadium,Amherst,Massachusetts,Thursday Night
7,2713,13,125,Washington State,23,Coastal Carolina,FALSE,FALSE,FALSE,FALSE,0,Martin Stadium,Pullman,Washington,Thursday Night
7,2713,13,128,WMU,76,OHIO,TRUE,FALSE,FALSE,FALSE,128,Waldo Stadium,Kalamazoo,Michigan,Thursday Night
7,2713,13,131,JMU,80,ODU,TRUE,TRUE,TRUE,FALSE,131,Bridgeforth Stadium,Harrisonburg,Virginia,Thursday Night
7,2713,13,132,JST,147,BUCK,FALSE,FALSE,FALSE,FALSE,132,Burgess-Snow Field at JSU Stadium,Jacksonville,Alabama,Thursday Night
7,2713,13,134,KNSW,48,LU,TRUE,FALSE,FALSE,FALSE,134,Fifth Third Bank Stadium,Kennesaw,Georgia,Thursday Night
7,2713,13,135,YSU,145,SDAK,TRUE,FALSE,FALSE,FALSE,135,Stambaugh Stadium,Youngstown,OH,Thursday Night
7,2713,13,136,INST,139,MUR,TRUE,FALSE,FALSE,FALSE,136,Memorial Stadium,Terre Haute,IN,Thursday Night
7,2713,13,148,COLG,150,LAF,TRUE,FALSE,FALSE,FALSE,148,Andy Kerr Stadium,Hamilton,NY,Thursday Night
7,2713,13,149,HC,218,W&M,TRUE,FALSE,FALSE,FALSE,149,Fitton Field,Worcester,MA,Thursday Night
7,2713,13,153,GEOT,151,LEH,TRUE,FALSE,FALSE,FALSE,153,Cooper Field,Washington,DC,Thursday Night
7,2713,13,159,MONT,160,MTST,TRUE,FALSE,TRUE,FALSE,159,Washington-Grizzly Stadium,Missoula,MT,Thursday Night
7,2713,13,164,SSU,11,BALL,TRUE,FALSE,TRUE,FALSE,164,Hornet Stadium,Sacramento,CA,Thursday Night
7,2713,13,170,PENN,166,BRWN,TRUE,FALSE,FALSE,FALSE,170,Franklin Field,Philadelphia,PA,Thursday Night
7,2713,13,172,PRIN,167,COLU,TRUE,FALSE,FALSE,FALSE,172,Princeton Stadium,Princeton,NJ,Thursday Night
7,2713,13,176,CIT,182,VMI,TRUE,FALSE,TRUE,FALSE,176,Johnson Hagood Stadium,Charleston,SC,Thursday Night
7,2713,13,177,WOF,201,TNTC,TRUE,FALSE,FALSE,FALSE,177,Gibbs Stadium,Spartanburg,SC,Thursday Night
7,2713,13,178,UTC,181,MER,TRUE,FALSE,FALSE,FALSE,178,Finley Stadium,Chattanooga,TN,Thursday Night
7,2713,13,186,ALCN,83,ORST,FALSE,FALSE,FALSE,FALSE,186,Spinks-Casem Stadium,Lorman,MS,Thursday Night
7,2713,13,193,MSVU,194,JXST,TRUE,TRUE,TRUE,FALSE,193,Rice-Totten Stadium,Itta Bena,MS,Thursday Night
7,2713,13,202,UTM,196,EIU,TRUE,FALSE,FALSE,FALSE,227,Graham Stadium,Martin,TN,Thursday Night
7,2713,13,204,BRY,208,HAMP,TRUE,FALSE,FALSE,FALSE,229,Beirne Stadium,Smithfield,RI,Thursday Night
7,2713,13,206,DEL,29,FIU,TRUE,FALSE,FALSE,FALSE,231,Delaware Stadium,Newark,DE,Thursday Night
7,2713,13,209,ME,211,UNH,TRUE,FALSE,TRUE,FALSE,234,Harold Alfond Sports Stadium,Orono,ME,Thursday Night
7,2713,13,213,URI,207,ELON,TRUE,FALSE,FALSE,FALSE,238,Meade Stadium,Kingston,RI,Thursday Night
7,2713,13,221,DSU,188,AAMU,FALSE,FALSE,FALSE,FALSE,246,Alumni Stadium,Dover,DE,Thursday Night
7,2713,13,224,NORF,191,ALST,FALSE,FALSE,FALSE,FALSE,249,"William ""Dick"" Price Stadium",Norfolk,VA,Thursday Night
7,2713,13,226,SCST,222,HOW,TRUE,FALSE,FALSE,FALSE,251,Oliver C. Dawson Stadium,Orangeburg,SC,Thursday Night
7,2713,13,230,MRCY,234,WAG,TRUE,FALSE,FALSE,FALSE,255,Saxon Stadium,Erie,PA,Thursday Night
7,2713,13,235,BUT,238,DRKE,TRUE,FALSE,FALSE,FALSE,260,Bud and Jackie Sellick Bowl,Indianapolis,IN,Thursday Night
7,2713,13,239,MRST,240,MORE,TRUE,FALSE,FALSE,FALSE,264,Leonidoff Field,Poughkeepsie,NY,Thursday Night
7,2713,13,241,PRE,243,STMN,TRUE,FALSE,FALSE,FALSE,266,Bailey Memorial Stadium,Clinton,SC,Thursday Night
7,2713,13,258,EKU,256,APSU,TRUE,FALSE,FALSE,FALSE,283,Roy Kidd Stadium,Richmond,KY,Thursday Night
7,2713,13,259,UNA,257,CARK,TRUE,FALSE,FALSE,FALSE,284,Braly Municipal Stadium,Florence,AL,Thursday Night
7,2713,13,266,NHU,227,CCSU,TRUE,FALSE,FALSE,FALSE,291,Ralph F. DellaCamera Stadium,New Haven,CT,Thursday Night
7,2713,13,269,UWF,262,TAR,TRUE,FALSE,FALSE,FALSE,294,Darrell Gooden Stadium,Pensacola,FL,Thursday Night
7,2714,14,19,CMU,128,WMU,TRUE,FALSE,TRUE,FALSE,19,Kelly/Shorts Stadium,Mount Pleasant,Michigan,Friday Night
7,2714,14,25,CSU,191,ALST,FALSE,FALSE,FALSE,FALSE,25,Sonny Lubick Field at Canvas Stadium,Fort Collins,Colorado,Friday Night
7,2714,14,58,MIAO,76,OHIO,TRUE,FALSE,TRUE,FALSE,58,Fred C. Yager Stadium,Oxford,Ohio,Friday Night
7,2714,14,78,OKLA,142,UND,FALSE,FALSE,FALSE,FALSE,78,Gaylord Family - Oklahoma Memorial Stadium at Owen Field,Norman,Oklahoma,Friday Night
7,2714,14,105,TLDO,15,BGSU,TRUE,FALSE,TRUE,FALSE,105,Glass Bowl,Toledo,Ohio,Friday Night
7,2714,14,144,SDST,141,SIU,TRUE,FALSE,FALSE,FALSE,144,Dana J. Dykhouse Stadium,Brookings,SD,Friday Night
7,2714,14,159,MONT,260,SUU,TRUE,FALSE,FALSE,FALSE,159,Washington-Grizzly Stadium,Missoula,MT,Friday Night
7,2714,14,187,SOU,133,SHSU,FALSE,FALSE,FALSE,FALSE,187,A.W. Mumford Stadium,Baton Rouge,LA,Friday Night
7,2714,14,249,MCN,250,NICH,TRUE,FALSE,FALSE,FALSE,274,Cowboy Stadium,Lake Charles,LA,Friday Night
7,2714,14,254,RGV,251,NWST,TRUE,FALSE,FALSE,FALSE,279,Robert and Janet Vackar Stadium,Edinburg,TX,Friday Night
7,2714,14,267,UOG,268,SAMO,TRUE,FALSE,TRUE,FALSE,292,National Football Stadium,Mangilao,GM,Friday Night
7,2714,14,7,ARK,53,LSU,TRUE,FALSE,TRUE,FALSE,7,"Donald W. Reynolds Razorback Stadium, Frank Broyles Field",Fayetteville,Arkansas,Saturday Afternoon
7,2714,14,8,ARST,27,ECU,FALSE,FALSE,FALSE,FALSE,8,Centennial Bank Stadium,Jonesboro,Arkansas,Saturday Afternoon
7,2714,14,12,BAYL,98,TCU,TRUE,FALSE,TRUE,FALSE,12,McLane Stadium,Waco,Texas,Saturday Afternoon
7,2714,14,28,EMU,79,OKST,FALSE,FALSE,FALSE,FALSE,28,Rynearson Stadium,Ypsilanti,Michigan,Saturday Afternoon
7,2714,14,31,FAU,29,FIU,FALSE,FALSE,TRUE,FALSE,31,FAU Stadium,Boca Raton,Florida,Saturday Afternoon
7,2714,14,43,IAST,130,WYOM,FALSE,FALSE,FALSE,FALSE,43,Jack Trice Stadium,Ames,Iowa,Saturday Afternoon
7,2714,14,44,KANS,45,KSST,TRUE,FALSE,TRUE,FALSE,44,David Booth Kansas Memorial Stadium,Lawrence,Kansas,Saturday Afternoon
7,2714,14,63,MSST,81,MISS,TRUE,FALSE,TRUE,FALSE,63,Davis Wade Stadium at Scott Field,Starkville,Mississippi,Saturday Afternoon
7,2714,14,67,NEB,42,IOWA,TRUE,FALSE,TRUE,FALSE,67,"Memorial Stadium, Tom Osborne Field",Lincoln,Nebraska,Saturday Afternoon
7,2714,14,100,TENN,120,VAND,TRUE,FALSE,TRUE,FALSE,100,Neyland Stadium,Knoxville,Tennessee,Saturday Afternoon
7,2714,14,129,WISC,62,MINN,TRUE,FALSE,TRUE,FALSE,129,Camp Randall Stadium,Madison,Wisconsin,Saturday Afternoon
7,2714,14,147,BUCK,149,HC,TRUE,FALSE,FALSE,FALSE,147,Christy Mathewson-Memorial Stadium,Lewisburg,PA,Saturday Afternoon
7,2714,14,148,COLG,214,RICH,TRUE,FALSE,FALSE,FALSE,148,Andy Kerr Stadium,Hamilton,NY,Saturday Afternoon
7,2714,14,166,BRWN,168,COR,TRUE,FALSE,FALSE,FALSE,166,Brown Stadium,Providence,RI,Saturday Afternoon
7,2714,14,177,WOF,174,FUR,TRUE,FALSE,TRUE,FALSE,177,Gibbs Stadium,Spartanburg,SC,Saturday Afternoon
7,2714,14,193,MSVU,183,GRAM,TRUE,FALSE,FALSE,FALSE,193,Rice-Totten Stadium,Itta Bena,MS,Saturday Afternoon
7,2714,14,198,LIN,196,EIU,TRUE,FALSE,FALSE,FALSE,223,Hunter STadium,St. Charles,MO,Saturday Afternoon
7,2714,14,200,TNST,146,WIU,TRUE,FALSE,FALSE,FALSE,225,Hale Stadium,Nashville,TN,Saturday Afternoon
7,2714,14,207,ELON,134,KNSW,FALSE,FALSE,FALSE,FALSE,232,Rhodes Stadium,Elon,NC,Saturday Afternoon
7,2714,14,217,VILL,150,LAF,TRUE,FALSE,FALSE,FALSE,242,Villanova Stadium,Philadelphia,PA,Saturday Afternoon
7,2714,14,239,MRST,243,STMN,TRUE,FALSE,FALSE,FALSE,264,Leonidoff Field,Poughkeepsie,NY,Saturday Afternoon
7,2714,14,252,SELA,246,HCU,TRUE,FALSE,FALSE,FALSE,277,Strawberry Stadium,Hammond,LA,Saturday Afternoon
7,2714,14,259,UNA,256,APSU,TRUE,FALSE,FALSE,FALSE,284,Braly Municipal Stadium,Florence,AL,Saturday Afternoon
7,2714,14,261,SFA,106,TROY,FALSE,FALSE,FALSE,FALSE,286,Homer Bryce Stadium,Nacogdoches,TX,Saturday Afternoon
7,2714,14,3,BAMA,10,AUB,TRUE,FALSE,TRUE,FALSE,3,Bryant-Denny Stadium,Tuscaloosa,Alabama,Saturday Evening
7,2714,14,5,ZONA,6,AZST,TRUE,FALSE,TRUE,FALSE,5,Arizona Stadium,Tucson,Arizona,Saturday Evening
7,2714,14,17,BYU,118,UTAH,TRUE,FALSE,TRUE,FALSE,17,LaVell Edwards Stadium,Provo,Utah,Saturday Evening
7,2714,14,40,ILLI,74,NW,TRUE,FALSE,TRUE,FALSE,40,Memorial Stadium,Urbana Champaign,Illinois,Saturday Evening
7,2714,14,68,NEV,114,UNLV,TRUE,FALSE,TRUE,FALSE,68,Mackay Stadium,Reno,Nevada,Saturday Evening
7,2714,14,82,OREG,83,ORST,FALSE,FALSE,TRUE,FALSE,82,Autzen Stadium,Eugene,Oregon,Saturday Evening
7,2714,14,101,TEX,102,TAMU,TRUE,FALSE,TRUE,FALSE,101,Darrell K Royal-Texas Memorial Stadium,Austin,Texas,Saturday Evening
7,2714,14,121,UVA,122,VT,TRUE,FALSE,TRUE,FALSE,121,David A. Harrison III Field at Scott Stadium,Charlottesville,Virginia,Saturday Evening
7,2714,14,126,WVU,85,PITT,FALSE,FALSE,TRUE,FALSE,126,Mountaineer Field at Milan Puskar Stadium,Morgantown,West Virginia,Saturday Evening
7,2714,14,140,UNI,145,SDAK,TRUE,FALSE,FALSE,FALSE,140,UNI-Dome,Cedar Falls,IA,Saturday Evening
7,2714,14,143,NDSU,123,WAKE,FALSE,FALSE,FALSE,FALSE,143,Fargodome,Fargo,ND,Saturday Evening
7,2714,14,157,IDHO,156,EWU,TRUE,FALSE,FALSE,FALSE,157,Kibbie Dome,Moscow,ID,Saturday Evening
7,2714,14,158,IDST,163,PRST,TRUE,FALSE,FALSE,FALSE,158,Holt Arena,Pocatello,ID,Saturday Evening
7,2714,14,162,UNCO,161,NAU,TRUE,FALSE,FALSE,FALSE,162,Nottingham Field,Greeley,CO,Saturday Evening
7,2714,14,164,SSU,154,UCD,FALSE,FALSE,TRUE,FALSE,164,Hornet Stadium,Sacramento,CA,Saturday Evening
7,2714,14,165,WEB,160,MTST,TRUE,FALSE,FALSE,FALSE,165,Stewart Stadium,Ogden,UT,Saturday Evening
7,2714,14,199,SEMO,202,UTM,TRUE,FALSE,FALSE,FALSE,224,Houck Stadium,Cape Girardeau,MO,Saturday Evening
7,2714,14,248,LAM,253,ETAM,TRUE,FALSE,FALSE,FALSE,273,Provost Umphrey Stadium,Beaumont,TX,Saturday Evening
7,2714,14,262,TAR,255,ACU,TRUE,FALSE,FALSE,FALSE,287,Memorial Stadium,Stephenville,TX,Saturday Evening
7,2714,14,2,AKRN,46,KENT,TRUE,FALSE,TRUE,FALSE,2,InfoCision Stadium-Summa Field,Akron,Ohio,Saturday Morning
7,2714,14,9,ARMY,65,NAVY,TRUE,FALSE,TRUE,FALSE,9,Blaik Field at Michie Stadium,West Point,New York,Saturday Morning
7,2714,14,11,BALL,73,NIU,FALSE,FALSE,TRUE,FALSE,11,Scheumann Stadium,Muncie,Indiana,Saturday Morning
7,2714,14,32,FSU,30,FLA,FALSE,FALSE,TRUE,FALSE,32,Bobby Bowden Field at Doak S. Campbell Stadium,Tallahassee,Florida,Saturday Morning
7,2714,14,34,UGA,37,GT,FALSE,FALSE,TRUE,FALSE,34,Sanford Stadium,Athens,Georgia,Saturday Morning
7,2714,14,41,IND,86,PURD,TRUE,FALSE,TRUE,FALSE,41,Memorial Stadium,Bloomington,Indiana,Saturday Morning
7,2714,14,47,UKEN,52,LOU,FALSE,FALSE,TRUE,FALSE,47,Kroger Field at C.M. Newton Grounds,Lexington,Kentucky,Saturday Morning
7,2714,14,48,LU,51,LT,FALSE,FALSE,FALSE,FALSE,48,Arthur L. Williams Stadium,Lynchburg,Virginia,Saturday Morning
7,2714,14,59,MICH,77,OHST,TRUE,FALSE,TRUE,FALSE,59,Michigan Stadium,Ann Arbor,Michigan,Saturday Morning
7,2714,14,60,MIST,84,PNST,TRUE,FALSE,TRUE,FALSE,60,Spartan Stadium,East Lansing,Michigan,Saturday Morning
7,2714,14,71,UNC,66,NCST,TRUE,FALSE,TRUE,FALSE,71,Kenan Memorial Stadium,Chapel Hill,North Carolina,Saturday Morning
7,2714,14,88,RUTG,55,UMD,TRUE,FALSE,FALSE,FALSE,88,High Point Solutions Stadium,Piscataway,New Jersey,Saturday Morning
7,2714,14,93,SOCA,22,CLEM,FALSE,FALSE,TRUE,FALSE,93,Williams-Brice Stadium,Columbia,South Carolina,Saturday Morning
7,2714,14,95,USM,107,TLNE,FALSE,FALSE,TRUE,FALSE,95,Carlisle-Faulkner Field at M.M. Roberts Stadium,Hattiesburg,Mississippi,Saturday Morning
7,2714,14,139,MUR,137,ILST,TRUE,FALSE,FALSE,FALSE,139,Roy Stewart Stadium,Murray,KY,Saturday Morning
7,2714,14,169,DART,211,UNH,FALSE,FALSE,TRUE,FALSE,169,Memorial Field,Hanover,NH,Saturday Morning
7,2714,14,170,PENN,172,PRIN,TRUE,FALSE,TRUE,FALSE,170,Franklin Field,Philadelphia,PA,Saturday Morning
7,2714,14,171,HARV,173,YALE,TRUE,FALSE,TRUE,FALSE,171,Harvard Stadium,Cambridge,MA,Saturday Morning
7,2714,14,180,WCU,178,UTC,TRUE,FALSE,FALSE,FALSE,180,EJ Whitmire Stadium,Cullowhee,NC,Saturday Morning
7,2714,14,181,MER,176,CIT,TRUE,FALSE,FALSE,FALSE,181,Five Star Stadium,Macon,GA,Saturday Morning
7,2714,14,186,ALCN,219,MRMK,FALSE,FALSE,FALSE,FALSE,186,Spinks-Casem Stadium,Lorman,MS,Saturday Morning
7,2714,14,197,WEBB,195,CHSO,TRUE,FALSE,FALSE,FALSE,222,Ernest W. Spangler Stadium,Boiling Springs,NC,Saturday Morning
7,2714,14,201,TNTC,175,SAM,TRUE,FALSE,FALSE,FALSE,226,Tucker Stadium,Cookeville,TN,Saturday Morning
7,2714,14,224,NORF,221,DSU,TRUE,FALSE,FALSE,FALSE,249,"William ""Dick"" Price Stadium",Norfolk,VA,Saturday Morning
7,2714,14,240,MORE,242,USD,TRUE,FALSE,FALSE,FALSE,265,Jayne Stadium,Morehead,KY,Saturday Morning
7,2714,14,241,PRE,236,DAV,TRUE,FALSE,FALSE,FALSE,266,Bailey Memorial Stadium,Clinton,SC,Saturday Morning
7,2714,14,13,BOIS,33,FRES,TRUE,FALSE,TRUE,FALSE,13,Albertsons Stadium,Boise,Idaho,Saturday Night
7,2714,14,18,CAL,96,STAN,TRUE,FALSE,TRUE,FALSE,18,California Memorial Stadium,Berkeley,California,Saturday Night
7,2714,14,69,UNM,70,NMSU,FALSE,FALSE,TRUE,FALSE,69,Dreamstyle Stadium,Albuquerque,New Mexico,Saturday Night
7,2714,14,90,SJSU,99,TEMP,FALSE,FALSE,FALSE,FALSE,90,CEFCU Stadium,San Jose,California,Saturday Night
7,2714,14,115,USC,188,AAMU,FALSE,FALSE,FALSE,FALSE,115,Los Angeles Memorial Coliseum,Los Angeles,California,Saturday Night
7,2714,14,124,WASH,125,WAST,FALSE,FALSE,TRUE,FALSE,124,Alaska Airlines Field at Husky Stadium,Seattle,Washington,Saturday Night
7,2714,14,192,TXSO,112,CONN,FALSE,FALSE,FALSE,FALSE,192,PNC Stadium,Houston,TX,Saturday Night
7,2714,14,247,UIW,38,HAWI,FALSE,FALSE,FALSE,FALSE,272,Gayle and Tom Benson Stadium,San Antonio,TX,Saturday Night
7,2714,14,270,MARQ,189,UAPB,FALSE,FALSE,FALSE,FALSE,295,Marquette Stadium,Milwaukee,WI,Saturday Night
7,2714,14,1,USAF,21,CINC,FALSE,FALSE,FALSE,FALSE,1,Falcon Stadium,Colorado Springs,Colorado,Thursday Night
7,2714,14,4,APST,35,GASO,TRUE,TRUE,TRUE,FALSE,4,Kidd Brewer Stadium,Boone,North Carolina,Thursday Night
7,2714,14,14,BC,97,CUSE,TRUE,FALSE,TRUE,FALSE,14,Alumni Stadium,Chestnut Hill,Massachusetts,Thursday Night
7,2714,14,16,BUFF,113,MASS,TRUE,FALSE,TRUE,FALSE,16,UB Stadium,Buffalo,New York,Thursday Night
7,2714,14,20,CHAR,26,DUKE,FALSE,FALSE,FALSE,FALSE,0,McColl-Richardson Field at Jerry Richardson Stadium,Charlotte,North Carolina,Thursday Night
7,2714,14,50,ULM,235,BUT,FALSE,FALSE,FALSE,FALSE,0,Joe Aillet Stadium,Monroe,Louisiana,Thursday Night
7,2714,14,56,MEMP,109,UAB,TRUE,FALSE,TRUE,FALSE,56,Liberty Bowl Memorial Stadium,Memphis,Tennessee,Thursday Night
7,2714,14,75,Notre Dame,57,Miami (FL),FALSE,FALSE,FALSE,FALSE,0,Notre Dame Stadium,South Bend,Indiana,Thursday Night
7,2714,14,80,ODU,232,SFPA,FALSE,FALSE,FALSE,FALSE,80,Foreman Field at S. B. Ballard Stadium,Norfolk,Virginia,Thursday Night
7,2714,14,87,Rice,61,Middle Tennessee,FALSE,FALSE,FALSE,FALSE,0,Rice Stadium,Houston,Texas,Thursday Night
7,2714,14,92,USA,132,JST,FALSE,FALSE,FALSE,FALSE,92,Ladd-Peebles Stadium,Mobile,Alabama,Thursday Night
7,2714,14,94,USF,110,UCF,FALSE,FALSE,TRUE,FALSE,94,Raymond James Stadium,Tampa,Florida,Thursday Night
7,2714,14,103,TXST,117,UTSA,FALSE,FALSE,TRUE,FALSE,103,Jim Wacker Field at Bobcat Stadium,San Marcos,Texas,Thursday Night
7,2714,14,127,WKU,89,SDSU,FALSE,FALSE,FALSE,FALSE,127,L. T. Smith Stadium at Jimmy Feix Field,Bowling Green,Kentucky,Thursday Night
7,2714,14,131,JMU,116,UTEP,FALSE,FALSE,FALSE,FALSE,131,Bridgeforth Stadium,Harrisonburg,Virginia,Thursday Night
7,2714,14,135,YSU,136,INST,TRUE,FALSE,FALSE,FALSE,135,Stambaugh Stadium,Youngstown,OH,Thursday Night
7,2714,14,138,MOST,119,UTST,FALSE,FALSE,FALSE,FALSE,0,Robert W. Plaster Stadium,Springfield,MO,Thursday Night
7,2714,14,151,LEH,218,W&M,TRUE,FALSE,FALSE,FALSE,151,Goodman Stadium,Bethlehem,PA,Thursday Night
7,2714,14,167,COLU,152,FOR,FALSE,FALSE,TRUE,FALSE,167,Lawrence A. Wien Stadium,New York,NY,Thursday Night
7,2714,14,179,ETSU,182,VMI,TRUE,FALSE,FALSE,FALSE,179,William B. Greene Jr. Stadium,Johnson City,TN,Thursday Night
7,2714,14,184,BCU,49,ULL,FALSE,FALSE,FALSE,FALSE,184,Daytona Stadium,Daytona Beach,FL,Thursday Night
7,2714,14,190,FAMU,153,GEOT,FALSE,FALSE,FALSE,FALSE,190,Bragg Memorial Stadium,Tallahassee,FL,Thursday Night
7,2714,14,194,JXST,185,PV,TRUE,FALSE,FALSE,FALSE,194,Mississippi Veterans Memorial Stadium,Jackson,MS,Thursday Night
7,2714,14,203,ALB,220,SHU,TRUE,FALSE,FALSE,FALSE,228,Tom & Mary Casey Stadium,Albany,NY,Thursday Night
7,2714,14,204,BRY,205,CAMP,TRUE,FALSE,FALSE,FALSE,229,Beirne Stadium,Smithfield,RI,Thursday Night
7,2714,14,208,HAMP,231,RMU,FALSE,FALSE,FALSE,FALSE,233,Armstrong Stadium,Hampton,VA,Thursday Night
7,2714,14,213,URI,210,MONM,TRUE,FALSE,FALSE,FALSE,238,Meade Stadium,Kingston,RI,Thursday Night
7,2714,14,215,STBK,209,ME,TRUE,FALSE,FALSE,FALSE,240,Kenneth P. LaValle Stadium,Stony Brook,NY,Thursday Night
7,2714,14,216,TOW,212,NCAT,TRUE,FALSE,FALSE,FALSE,241,Johnny Unitas Stadiumn,Towson,MD,Thursday Night
7,2714,14,225,NCCU,222,HOW,TRUE,FALSE,FALSE,FALSE,250,O'Kelly-Riddick Stadium,Durham,NC,Thursday Night
7,2714,14,226,SCST,223,MORG,TRUE,FALSE,FALSE,FALSE,251,Oliver C. Dawson Stadium,Orangeburg,SC,Thursday Night
7,2714,14,227,CCSU,234,WAG,TRUE,FALSE,FALSE,FALSE,252,Arute Field,New Britain,CT,Thursday Night
7,2714,14,228,DUQ,265,CHST,TRUE,FALSE,FALSE,FALSE,253,Arthur J. Rooney Athletic Field,Pittsburgh,PA,Thursday Night
7,2714,14,229,LIU,266,NHU,TRUE,FALSE,FALSE,FALSE,254,Bethpage Federal Credit Union Stadium,Brooklyn,NY,Thursday Night
7,2714,14,233,STO,230,MRCY,TRUE,FALSE,FALSE,FALSE,258,W.B. Mason Stadium,Easton,MA,Thursday Night
7,2714,14,237,DAY,238,DRKE,TRUE,FALSE,TRUE,FALSE,262,Welcome Stadium,Dayton,OH,Thursday Night
7,2714,14,244,STET,245,VAL,TRUE,FALSE,FALSE,FALSE,269,Spec Martin Memorial Stadium,DeLand,FL,Thursday Night
7,2714,14,258,EKU,264,UWG,TRUE,FALSE,FALSE,FALSE,283,Roy Kidd Stadium,Richmond,KY,Thursday Night
7,2714,14,263,UTU,155,CP,TRUE,FALSE,FALSE,FALSE,288,Greater Zion STadium,St. George,UT,Thursday Night
7,2714,14,269,UWF,257,CARK,TRUE,FALSE,FALSE,FALSE,294,Darrell Gooden Stadium,Pensacola,FL,Thursday Night
